Index,Time[s],Ch0[V],Ch1[V],
0,0,0.00754633964970708,0.462316784774885,
1,0.05,-0.0207962943241,0.46746999095194,
2,0.1,-0.0207962943241,0.462316784774885,
3,0.15,-0.0207962943241,0.46746999095194,
4,0.2,-0.0207962943241,0.462316784774885,
5,0.25,-0.022084595868364,0.46746999095194,
6,0.3,-0.0207962943241,0.462316784774885,
7,0.35,-0.0207962943241,0.46746999095194,
8,0.4,-0.0207962943241,0.462316784774885,
9,0.45,-0.0207962943241,0.466181689407676,
10,0.5,-0.0207962943241,0.463605086319149,
11,0.55,-0.0207962943241,0.46746999095194,
12,0.6,-0.0207962943241,0.463605086319149,
13,0.65,-0.0207962943241,0.46746999095194,
14,0.7,-0.0207962943241,0.463605086319149,
15,0.75,-0.0207962943241,0.46746999095194,
16,0.8,-0.0207962943241,0.462316784774885,
17,0.85,-0.022084595868364,0.46746999095194,
18,0.9,-0.022084595868364,0.463605086319149,
19,0.95,-0.0207962943241,0.46746999095194,
20,1,-0.0207962943241,0.463605086319149,
21,1.05,-0.0207962943241,0.46746999095194,
22,1.1,-0.0207962943241,0.463605086319149,
23,1.15,-0.0207962943241,0.46746999095194,
24,1.2,-0.0207962943241,0.463605086319149,
25,1.25,-0.0207962943241,0.46746999095194,
26,1.3,-0.0207962943241,0.463605086319149,
27,1.35,-0.0207962943241,0.46746999095194,
28,1.4,-0.0207962943241,0.463605086319149,
29,1.45,-0.0207962943241,0.46746999095194,
30,1.5,-0.0207962943241,0.463605086319149,
31,1.55,-0.0207962943241,0.46746999095194,
32,1.6,-0.0207962943241,0.463605086319149,
33,1.65,-0.0207962943241,0.466181689407676,
34,1.7,-0.0207962943241,0.463605086319149,
35,1.75,-0.0207962943241,0.466181689407676,
36,1.8,-0.0207962943241,0.463605086319149,
37,1.85,-0.0207962943241,0.46746999095194,
38,1.9,-0.0207962943241,0.463605086319149,
39,1.95,-0.0207962943241,0.46746999095194,
40,2,-0.0207962943241,0.463605086319149,
41,2.05,-0.0207962943241,0.466181689407676,
42,2.1,-0.022084595868364,0.463605086319149,
43,2.15,-0.0207962943241,0.466181689407676,
44,2.2,-0.0207962943241,0.463605086319149,
45,2.25,-0.0207962943241,0.466181689407676,
46,2.3,-0.0207962943241,0.463605086319149,
47,2.35,-0.0207962943241,0.46746999095194,
48,2.4,-0.0207962943241,0.463605086319149,
49,2.45,-0.0207962943241,0.466181689407676,
50,2.5,-0.0207962943241,0.463605086319149,
51,2.55,-0.0207962943241,0.466181689407676,
52,2.6,-0.0207962943241,0.463605086319149,
53,2.65,-0.0207962943241,0.46746999095194,
54,2.7,-0.022084595868364,0.463605086319149,
55,2.75,-0.0207962943241,0.466181689407676,
56,2.8,-0.0207962943241,0.463605086319149,
57,2.85,-0.0207962943241,0.466181689407676,
58,2.9,-0.022084595868364,0.463605086319149,
59,2.95,-0.0207962943241,0.466181689407676,
60,3,-0.0207962943241,0.464893387863412,
61,3.05,-0.0207962943241,0.466181689407676,
62,3.1,-0.0207962943241,0.464893387863412,
63,3.15,-0.0207962943241,0.466181689407676,
64,3.2,-0.022084595868364,0.463605086319149,
65,3.25,-0.0207962943241,0.466181689407676,
66,3.3,-0.022084595868364,0.463605086319149,
67,3.35,-0.0207962943241,0.466181689407676,
68,3.4,-0.0207962943241,0.464893387863412,
69,3.45,-0.0207962943241,0.466181689407676,
70,3.5,-0.022084595868364,0.464893387863412,
71,3.55,-0.0207962943241,0.466181689407676,
72,3.6,-0.022084595868364,0.464893387863412,
73,3.65,-0.0207962943241,0.466181689407676,
74,3.7,-0.022084595868364,0.463605086319149,
75,3.75,-0.0195079927798361,0.466181689407676,
76,3.8,-0.022084595868364,0.464893387863412,
77,3.85,-0.0195079927798361,0.466181689407676,
78,3.9,-0.022084595868364,0.464893387863412,
79,3.95,-0.0195079927798361,0.466181689407676,
80,4,-0.022084595868364,0.464893387863412,
81,4.05,-0.0207962943241,0.466181689407676,
82,4.1,-0.022084595868364,0.464893387863412,
83,4.15,-0.0195079927798361,0.466181689407676,
84,4.2,-0.022084595868364,0.463605086319149,
85,4.25,-0.0195079927798361,0.466181689407676,
86,4.3,-0.022084595868364,0.464893387863412,
87,4.35,-0.0195079927798361,0.466181689407676,
88,4.4,-0.022084595868364,0.464893387863412,
89,4.45,-0.0195079927798361,0.464893387863412,
90,4.5,-0.022084595868364,0.464893387863412,
91,4.55,-0.0195079927798361,0.464893387863412,
92,4.6,-0.022084595868364,0.464893387863412,
93,4.65,-0.0195079927798361,0.464893387863412,
94,4.7,-0.022084595868364,0.464893387863412,
95,4.75,-0.0195079927798361,0.466181689407676,
96,4.8,-0.022084595868364,0.464893387863412,
97,4.85,-0.0195079927798361,0.464893387863412,
98,4.9,-0.022084595868364,0.464893387863412,
99,4.95,-0.0195079927798361,0.464893387863412,
100,5,-0.022084595868364,0.464893387863412,
101,5.05,-0.0195079927798361,0.464893387863412,
102,5.1,-0.0207962943241,0.464893387863412,
103,5.15,-0.0195079927798361,0.464893387863412,
104,5.2,-0.022084595868364,0.464893387863412,
105,5.25,-0.0195079927798361,0.464893387863412,
106,5.3,-0.022084595868364,0.464893387863412,
107,5.35,-0.0195079927798361,0.464893387863412,
108,5.4,-0.022084595868364,0.464893387863412,
109,5.45,-0.0195079927798361,0.464893387863412,
110,5.5,-0.022084595868364,0.464893387863412,
111,5.55,-0.0195079927798361,0.464893387863412,
112,5.6,-0.0233728974126279,0.464893387863412,
113,5.65,-0.0195079927798361,0.464893387863412,
114,5.7,-0.022084595868364,0.466181689407676,
115,5.75,-0.0195079927798361,0.464893387863412,
116,5.8,-0.022084595868364,0.464893387863412,
117,5.85,-0.0195079927798361,0.464893387863412,
118,5.9,-0.022084595868364,0.464893387863412,
119,5.95,-0.0195079927798361,0.464893387863412,
120,6,-0.022084595868364,0.466181689407676,
121,6.05,-0.0195079927798361,0.464893387863412,
122,6.1,-0.022084595868364,0.466181689407676,
123,6.15,-0.0195079927798361,0.464893387863412,
124,6.2,-0.022084595868364,0.464893387863412,
125,6.25,-0.0195079927798361,0.464893387863412,
126,6.3,-0.022084595868364,0.466181689407676,
127,6.35,-0.0195079927798361,0.464893387863412,
128,6.4,-0.022084595868364,0.466181689407676,
129,6.45,-0.0195079927798361,0.464893387863412,
130,6.5,-0.022084595868364,0.466181689407676,
131,6.55,-0.0195079927798361,0.464893387863412,
132,6.6,-0.022084595868364,0.466181689407676,
133,6.65,-0.0195079927798361,0.463605086319149,
134,6.7,-0.022084595868364,0.466181689407676,
135,6.75,-0.0195079927798361,0.464893387863412,
136,6.8,-0.022084595868364,0.466181689407676,
137,6.85,-0.0195079927798361,0.463605086319149,
138,6.9,-0.022084595868364,0.466181689407676,
139,6.95,-0.0195079927798361,0.464893387863412,
140,7,-0.022084595868364,0.466181689407676,
141,7.05,-0.0195079927798361,0.464893387863412,
142,7.1,-0.0233728974126279,0.466181689407676,
143,7.15,-0.0195079927798361,0.463605086319149,
144,7.2,-0.022084595868364,0.466181689407676,
145,7.25,-0.0195079927798361,0.463605086319149,
146,7.3,-0.022084595868364,0.46746999095194,
147,7.35,-0.0195079927798361,0.463605086319149,
148,7.4,-0.022084595868364,0.466181689407676,
149,7.45,-0.0195079927798361,0.463605086319149,
150,7.5,-0.022084595868364,0.466181689407676,
151,7.55,-0.0195079927798361,0.463605086319149,
152,7.6,-0.022084595868364,0.46746999095194,
153,7.65,-0.0195079927798361,0.463605086319149,
154,7.7,-0.022084595868364,0.46746999095194,
155,7.75,-0.0195079927798361,0.463605086319149,
156,7.8,-0.022084595868364,0.466181689407676,
157,7.85,-0.0195079927798361,0.463605086319149,
158,7.9,-0.022084595868364,0.46746999095194,
159,7.95,-0.0195079927798361,0.463605086319149,
160,8,-0.022084595868364,0.46746999095194,
161,8.05,-0.0182196912355721,0.463605086319149,
162,8.1,-0.022084595868364,0.46746999095194,
163,8.15,-0.0195079927798361,0.463605086319149,
164,8.2,-0.022084595868364,0.46746999095194,
165,8.25,-0.0195079927798361,0.463605086319149,
166,8.3,-0.022084595868364,0.46746999095194,
167,8.35,-0.0182196912355721,0.462316784774885,
168,8.4,-0.022084595868364,0.46746999095194,
169,8.45,-0.0182196912355721,0.462316784774885,
170,8.5,-0.022084595868364,0.46746999095194,
171,8.55,-0.0195079927798361,0.463605086319149,
172,8.6,-0.022084595868364,0.46746999095194,
173,8.65,-0.0182196912355721,0.462316784774885,
174,8.7,-0.022084595868364,0.46746999095194,
175,8.75,-0.0182196912355721,0.462316784774885,
176,8.8,-0.022084595868364,0.46746999095194,
177,8.85,-0.0195079927798361,0.463605086319149,
178,8.9,-0.022084595868364,0.46746999095194,
179,8.95,-0.0182196912355721,0.461028483230621,
180,9,-0.022084595868364,0.464893387863412,
181,9.05,-0.0195079927798361,0.458451880142093,
182,9.1,-0.022084595868364,0.462316784774885,
183,9.15,-0.0195079927798361,0.454586975509301,
184,9.2,-0.022084595868364,0.458451880142093,
185,9.25,-0.0195079927798361,0.452010372420773,
186,9.3,-0.022084595868364,0.454586975509301,
187,9.35,-0.0195079927798361,0.448145467787981,
188,9.4,-0.022084595868364,0.450722070876509,
189,9.45,-0.0182196912355721,0.442992261610925,
190,9.5,-0.0233728974126279,0.445568864699453,
191,9.55,-0.0182196912355721,0.437839055433869,
192,9.6,-0.022084595868364,0.440415658522397,
193,9.65,-0.0195079927798361,0.433974150801077,
194,9.7,-0.022084595868364,0.436550753889605,
195,9.75,-0.0195079927798361,0.428820944624022,
196,9.8,-0.022084595868364,0.432685849256814,
197,9.85,-0.0182196912355721,0.42495603999123,
198,9.9,-0.022084595868364,0.428820944624022,
199,9.95,-0.0195079927798361,0.421091135358438,
200,10,-0.022084595868364,0.42495603999123,
201,10.05,-0.0182196912355721,0.417226230725646,
202,10.1,-0.022084595868364,0.421091135358438,
203,10.15,-0.0195079927798361,0.413361326092854,
204,10.2,-0.0233728974126279,0.417226230725646,
205,10.25,-0.0195079927798361,0.408208119915798,
206,10.3,-0.022084595868364,0.41207302454859,
207,10.35,-0.0182196912355721,0.404343215283006,
208,10.4,-0.0233728974126279,0.406919818371534,
209,10.45,-0.0182196912355721,0.400478310650215,
210,10.5,-0.022084595868364,0.404343215283006,
211,10.55,-0.0195079927798361,0.396613406017423,
212,10.6,-0.0233728974126279,0.399190009105951,
213,10.65,-0.0195079927798361,0.391460199840367,
214,10.7,-0.022084595868364,0.395325104473159,
215,10.75,-0.0182196912355721,0.387595295207575,
216,10.8,-0.022084595868364,0.390171898296103,
217,10.85,-0.0195079927798361,0.382442089030519,
218,10.9,-0.022084595868364,0.385018692119047,
219,10.95,-0.0195079927798361,0.378577184397727,
220,11,-0.022084595868364,0.381153787486255,
221,11.05,-0.0195079927798361,0.373423978220671,
222,11.1,-0.022084595868364,0.377288882853463,
223,11.15,-0.0195079927798361,0.36955907358788,
224,11.2,-0.022084595868364,0.373423978220671,
225,11.25,-0.0195079927798361,0.366982470499352,
226,11.3,-0.022084595868364,0.370847375132143,
227,11.35,-0.0182196912355721,0.364405867410824,
228,11.4,-0.022084595868364,0.368270772043616,
229,11.45,-0.0195079927798361,0.360540962778032,
230,11.5,-0.022084595868364,0.365694168955088,
231,11.55,-0.0195079927798361,0.357964359689504,
232,11.6,-0.022084595868364,0.361829264322296,
233,11.65,-0.0195079927798361,0.354099455056712,
234,11.7,-0.0233728974126279,0.357964359689504,
235,11.75,-0.0195079927798361,0.35023455042392,
236,11.8,-0.022084595868364,0.355387756600976,
237,11.85,-0.0195079927798361,0.347657947335392,
238,11.9,-0.022084595868364,0.35023455042392,
239,11.95,-0.0195079927798361,0.3437930427026,
240,12,-0.022084595868364,0.347657947335392,
241,12.05,-0.0195079927798361,0.339928138069808,
242,12.1,-0.022084595868364,0.345081344246864,
243,12.15,-0.0195079927798361,0.337351534981281,
244,12.2,-0.022084595868364,0.341216439614072,
245,12.25,-0.0195079927798361,0.333486630348489,
246,12.3,-0.0233728974126279,0.337351534981281,
247,12.35,-0.0195079927798361,0.329621725715697,
248,12.4,-0.022084595868364,0.333486630348489,
249,12.45,-0.0195079927798361,0.327045122627169,
250,12.5,-0.022084595868364,0.330910027259961,
251,12.55,-0.0195079927798361,0.324468519538641,
252,12.6,-0.022084595868364,0.328333424171433,
253,12.65,-0.0195079927798361,0.320603614905849,
254,12.7,-0.022084595868364,0.324468519538641,
255,12.75,-0.0195079927798361,0.318027011817321,
256,12.8,-0.0233728974126279,0.320603614905849,
257,12.85,-0.0195079927798361,0.312873805640265,
258,12.9,-0.022084595868364,0.316738710273057,
259,12.95,-0.0195079927798361,0.309008901007473,
260,13,-0.022084595868364,0.312873805640265,
261,13.05,-0.0195079927798361,0.305143996374682,
262,13.1,-0.022084595868364,0.309008901007473,
263,13.15,-0.0195079927798361,0.302567393286154,
264,13.2,-0.0233728974126279,0.306432297918946,
265,13.25,-0.0195079927798361,0.298702488653362,
266,13.3,-0.022084595868364,0.302567393286154,
267,13.35,-0.0195079927798361,0.296125885564834,
268,13.4,-0.022084595868364,0.299990790197626,
269,13.45,-0.0195079927798361,0.292260980932042,
270,13.5,-0.022084595868364,0.296125885564834,
271,13.55,-0.0195079927798361,0.28839607629925,
272,13.6,-0.022084595868364,0.292260980932042,
273,13.65,-0.0195079927798361,0.284531171666458,
274,13.7,-0.022084595868364,0.28839607629925,
275,13.75,-0.0195079927798361,0.28195456857793,
276,13.8,-0.022084595868364,0.285819473210722,
277,13.85,-0.0207962943241,0.278089663945138,
278,13.9,-0.022084595868364,0.28195456857793,
279,13.95,-0.0195079927798361,0.275513060856611,
280,14,-0.022084595868364,0.279377965489402,
281,14.05,-0.0195079927798361,0.271648156223819,
282,14.1,-0.022084595868364,0.274224759312347,
283,14.15,-0.0195079927798361,0.267783251591027,
284,14.2,-0.022084595868364,0.270359854679555,
285,14.25,-0.0195079927798361,0.262630045413971,
286,14.3,-0.022084595868364,0.266494950046763,
287,14.35,-0.0207962943241,0.260053442325443,
288,14.4,-0.022084595868364,0.263918346958235,
289,14.45,-0.0207962943241,0.256188537692651,
290,14.5,-0.022084595868364,0.260053442325443,
291,14.55,-0.0195079927798361,0.253611934604123,
292,14.6,-0.022084595868364,0.256188537692651,
293,14.65,-0.0195079927798361,0.249747029971331,
294,14.7,-0.022084595868364,0.253611934604123,
295,14.75,-0.0207962943241,0.245882125338539,
296,14.8,-0.022084595868364,0.248458728427067,
297,14.85,-0.0207962943241,0.240728919161484,
298,14.9,-0.022084595868364,0.244593823794276,
299,14.95,-0.0207962943241,0.238152316072956,
300,15,-0.022084595868364,0.242017220705748,
301,15.05,-0.0195079927798361,0.234287411440164,
302,15.1,-0.022084595868364,0.23944061761722,
303,15.15,-0.0195079927798361,0.2329991098959,
304,15.2,-0.022084595868364,0.236864014528692,
305,15.25,-0.0207962943241,0.229134205263108,
306,15.3,-0.0233728974126279,0.2329991098959,
307,15.35,-0.0207962943241,0.223980999086052,
308,15.4,-0.022084595868364,0.22655760217458,
309,15.45,-0.0207962943241,0.218827792908996,
310,15.5,-0.022084595868364,0.222692697541788,
311,15.55,-0.0207962943241,0.216251189820468,
312,15.6,-0.022084595868364,0.218827792908996,
313,15.65,-0.0207962943241,0.212386285187677,
314,15.7,-0.0233728974126279,0.214962888276204,
315,15.75,-0.022084595868364,0.208521380554885,
316,15.8,-0.0233728974126279,0.212386285187677,
317,15.85,-0.0207962943241,0.204656475922093,
318,15.9,-0.0233728974126279,0.208521380554885,
319,15.95,-0.0207962943241,0.200791571289301,
320,16,-0.0233728974126279,0.204656475922093,
321,16.05,-0.0207962943241,0.196926666656509,
322,16.1,-0.0233728974126279,0.200791571289301,
323,16.15,-0.0207962943241,0.193061762023717,
324,16.2,-0.0233728974126279,0.196926666656509,
325,16.25,-0.022084595868364,0.190485158935189,
326,16.3,-0.0233728974126279,0.193061762023717,
327,16.35,-0.022084595868364,0.185331952758133,
328,16.4,-0.0233728974126279,0.189196857390925,
329,16.45,-0.0207962943241,0.181467048125342,
330,16.5,-0.022084595868364,0.184043651213869,
331,16.55,-0.0207962943241,0.17760214349255,
332,16.6,-0.022084595868364,0.181467048125342,
333,16.65,-0.0207962943241,0.173737238859758,
334,16.7,-0.0233728974126279,0.176313841948286,
335,16.75,-0.022084595868364,0.168584032682702,
336,16.8,-0.0233728974126279,0.17116063577123,
337,16.85,-0.0207962943241,0.16471912804991,
338,16.9,-0.022084595868364,0.167295731138438,
339,16.95,-0.0207962943241,0.159565921872854,
340,17,-0.0233728974126279,0.162142524961382,
341,17.05,-0.0207962943241,0.155701017240062,
342,17.1,-0.0233728974126279,0.159565921872854,
343,17.15,-0.022084595868364,0.153124414151534,
344,17.2,-0.0246611989568919,0.155701017240062,
345,17.25,-0.022084595868364,0.149259509518743,
346,17.3,-0.0233728974126279,0.15183611260727,
347,17.35,-0.0207962943241,0.144106303341687,
348,17.4,-0.0233728974126279,0.147971207974479,
349,17.45,-0.0233728974126279,0.140241398708895,
350,17.5,-0.0272378020454198,0.142818001797423,
351,17.55,-0.0259495005011559,0.135088192531839,
352,17.6,-0.0298144051339477,0.138953097164631,
353,17.65,-0.0272378020454198,0.132511589443311,
354,17.7,-0.0285261035896838,0.136376494076103,
355,17.75,-0.0259495005011559,0.128646684810519,
356,17.8,-0.0259495005011559,0.133799890987575,
357,17.85,-0.0233728974126279,0.126070081721991,
358,17.9,-0.0272378020454198,0.129934986354783,
359,17.95,-0.0259495005011559,0.122205177089199,
360,18,-0.0285261035896838,0.124781780177727,
361,18.05,-0.0298144051339477,0.117051970912144,
362,18.1,-0.0323910082224756,0.120916875544935,
363,18.15,-0.0311027066782117,0.113187066279352,
364,18.2,-0.0298144051339477,0.117051970912144,
365,18.25,-0.0272378020454198,0.110610463190824,
366,18.3,-0.0272378020454198,0.114475367823616,
367,18.35,-0.0246611989568919,0.106745558558032,
368,18.4,-0.0272378020454198,0.110610463190824,
369,18.45,-0.0285261035896838,0.10288065392524,
370,18.5,-0.0336793097667396,0.106745558558032,
371,18.55,-0.0349676113110036,0.0990157492924482,
372,18.6,-0.0388325159437954,0.101592352380976,
373,18.65,-0.0362559128552675,0.0951508446596563,
374,18.7,-0.0375442143995315,0.0977274477481842,
375,18.75,-0.0349676113110036,0.0912859400268644,
376,18.8,-0.0375442143995315,0.0938625431153923,
377,18.85,-0.0401208174880594,0.0874210353940725,
378,18.9,-0.0465623252093792,0.0912859400268644,
379,18.95,-0.0542921344749629,0.0835561307612807,
380,19,-0.0658868483733386,0.0874210353940725,
381,19.05,-0.0684634514618665,0.0809795276727527,
382,19.1,-0.0736166576389223,0.0848444323055446,
383,19.15,-0.0684634514618665,0.0784029245842248,
384,19.2,-0.0671751499176025,0.0809795276727527,
385,19.25,-0.0633102452848107,0.073249718407169,
386,19.3,-0.0749049591831863,0.0758263214956969,
387,19.35,-0.139320036396384,0.0693848137743771,
388,19.4,-0.201158510521054,0.071961416862905,
389,19.45,-0.373790917452425,0.0655199091415852,
390,19.5,-0.474278437905014,0.0680965122301131,
391,19.55,-0.564459546003491,0.0616550045087934,
392,19.6,-0.715190826682374,0.0668082106858492,
393,19.65,-0.801507030148059,0.0590784014202654,
394,19.7,-1.02695980039425,0.0642316075973213,
395,19.75,-1.13002392393537,0.0565017983317375,
396,19.8,-1.09395148069598,0.0603667029645294,
397,19.85,-1.07462695753202,0.0526368936989456,
398,19.9,-0.962544723181054,0.0552134967874736,
399,19.95,-0.798930427059531,0.0487719890661538,
400,20,-0.664947066456079,0.0526368936989456,
401,20.05,-0.561882942914963,0.0449070844333619,
402,20.1,-0.412439963780344,0.0487719890661538,
403,20.15,-0.332565268035978,0.042330481344834,
404,20.2,-0.233366049127653,0.0461953859776258,
405,20.25,-0.140608337940648,0.0397538782563061,
406,20.3,-0.108400799334049,0.0436187828890979,
407,20.35,-0.08263476844877,0.0371772751677781,
408,20.4,-0.0542921344749629,0.04104217980057,
409,20.45,-0.051715531386435,0.0346006720792502,
410,20.5,-0.0555804360192269,0.0384655767120421,
411,20.55,-0.0671751499176025,0.0307357674464583,
412,20.6,-0.0774815622717142,0.0346006720792502,
413,20.65,-0.0787698638159782,0.0281591643579304,
414,20.7,-0.0723283560946584,0.0320240689907223,
415,20.75,-0.0542921344749629,0.0242942597251385,
416,20.8,-0.0465623252093792,0.0281591643579304,
417,20.85,-0.0362559128552675,0.0217176566366106,
418,20.9,-0.0323910082224756,0.0242942597251385,
419,20.95,-0.0298144051339477,0.0191410535480827,
420,21,-0.0298144051339477,0.0230059581808746,
421,21.05,-0.0323910082224756,0.0165644504595548,
422,21.1,-0.0362559128552675,0.0204293550923467,
423,21.15,-0.0388325159437954,0.0139878473710269,
424,21.2,-0.0452740236651152,0.0165644504595548,
425,21.25,-0.0452740236651152,0.010122942738235,
426,21.3,-0.0426974205765873,0.0139878473710269,
427,21.35,-0.0388325159437954,0.00883464119397104,
428,21.4,-0.0323910082224756,0.011411244282499,
429,21.45,-0.0272378020454198,0.00496973656117916,
430,21.5,-0.0246611989568919,0.00883464119397104,
431,21.55,-0.0233728974126279,0.00110483192838728,
432,21.6,-0.0246611989568919,0.00496973656117916,
433,21.65,-0.0259495005011559,-0.00147177116014063,
434,21.7,-0.0272378020454198,0.00110483192838728,
435,21.75,-0.0285261035896838,-0.00404837424866855,
436,21.8,-0.0298144051339477,-0.000183469615876675,
437,21.85,-0.0311027066782117,-0.00662497733719647,
438,21.9,-0.0311027066782117,-0.00276007270440459,
439,21.95,-0.0298144051339477,-0.00920158042572439,
440,22,-0.0285261035896838,-0.00404837424866855,
441,22.05,-0.0259495005011559,-0.0117781835142523,
442,22.1,-0.0246611989568919,-0.00791327888146043,
443,22.15,-0.0233728974126279,-0.0143547866027802,
444,22.2,-0.022084595868364,-0.0104898819699883,
445,22.25,-0.022084595868364,-0.0169313896913081,
446,22.3,-0.0259495005011559,-0.0143547866027802,
447,22.35,-0.0272378020454198,-0.0207962943241,
448,22.4,-0.0285261035896838,-0.0169313896913081,
449,22.45,-0.0298144051339477,-0.0246611989568919,
450,22.5,-0.0285261035896838,-0.0207962943241,
451,22.55,-0.0285261035896838,-0.0272378020454198,
452,22.6,-0.0285261035896838,-0.022084595868364,
453,22.65,-0.0259495005011559,-0.0285261035896838,
454,22.7,-0.0259495005011559,-0.0246611989568919,
455,22.75,-0.0233728974126279,-0.0323910082224756,
456,22.8,-0.022084595868364,-0.0285261035896838,
457,22.85,-0.022084595868364,-0.0349676113110036,
458,22.9,-0.022084595868364,-0.0311027066782117,
459,22.95,-0.022084595868364,-0.0388325159437954,
460,23,-0.0233728974126279,-0.0349676113110036,
461,23.05,-0.0233728974126279,-0.0414091190323234,
462,23.1,-0.0233728974126279,-0.0375442143995315,
463,23.15,-0.0233728974126279,-0.0439857221208513,
464,23.2,-0.0246611989568919,-0.0414091190323234,
465,23.25,-0.0246611989568919,-0.0478506267536432,
466,23.3,-0.022084595868364,-0.0439857221208513,
467,23.35,-0.0207962943241,-0.0504272298421711,
468,23.4,-0.022084595868364,-0.0465623252093792,
469,23.45,-0.0207962943241,-0.053003832930699,
470,23.5,-0.022084595868364,-0.0504272298421711,
471,23.55,-0.022084595868364,-0.0568687375634909,
472,23.6,-0.0233728974126279,-0.053003832930699,
473,23.65,-0.0233728974126279,-0.0594453406520188,
474,23.7,-0.0233728974126279,-0.0568687375634909,
475,23.75,-0.022084595868364,-0.0645985468290746,
476,23.8,-0.022084595868364,-0.0620219437405467,
477,23.85,-0.0207962943241,-0.0684634514618665,
478,23.9,-0.0207962943241,-0.0645985468290746,
479,23.95,-0.0207962943241,-0.0710400545503944,
480,24,-0.0207962943241,-0.0684634514618665,
481,24.05,-0.022084595868364,-0.0749049591831863,
482,24.1,-0.022084595868364,-0.0710400545503944,
483,24.15,-0.022084595868364,-0.0774815622717142,
484,24.2,-0.0233728974126279,-0.0749049591831863,
485,24.25,-0.022084595868364,-0.0800581653602421,
486,24.3,-0.0233728974126279,-0.0774815622717142,
487,24.35,-0.022084595868364,-0.083923069993034,
488,24.4,-0.0207962943241,-0.08263476844877,
489,24.45,-0.0207962943241,-0.0877879746258259,
490,24.5,-0.0207962943241,-0.0864996730815619,
491,24.55,-0.022084595868364,-0.0929411808028817,
492,24.6,-0.022084595868364,-0.0890762761700898,
493,24.65,-0.022084595868364,-0.0955177838914096,
494,24.7,-0.0233728974126279,-0.0929411808028817,
495,24.75,-0.022084595868364,-0.0980943869799376,
496,24.8,-0.022084595868364,-0.0955177838914096,
497,24.85,-0.022084595868364,-0.100670990068465,
498,24.9,-0.0207962943241,-0.0993826885242015,
499,24.95,-0.0207962943241,-0.104535894701257,
500,25,-0.0207962943241,-0.103247593156993,
501,25.05,-0.0207962943241,-0.109689100878313,
502,25.1,-0.022084595868364,-0.108400799334049,
503,25.15,-0.022084595868364,-0.114842307055369,
504,25.2,-0.0207962943241,-0.112265703966841,
505,25.25,-0.022084595868364,-0.117418910143897,
506,25.3,-0.022084595868364,-0.116130608599633,
507,25.35,-0.0207962943241,-0.121283814776689,
508,25.4,-0.022084595868364,-0.118707211688161,
509,25.45,-0.022084595868364,-0.125148719409481,
510,25.5,-0.0207962943241,-0.122572116320953,
511,25.55,-0.0207962943241,-0.129013624042273,
512,25.6,-0.022084595868364,-0.127725322498009,
513,25.65,-0.0207962943241,-0.134166830219328,
514,25.7,-0.0207962943241,-0.130301925586537,
515,25.75,-0.0207962943241,-0.136743433307856,
516,25.8,-0.0207962943241,-0.134166830219328,
517,25.85,-0.0207962943241,-0.139320036396384,
518,25.9,-0.0207962943241,-0.136743433307856,
519,25.95,-0.022084595868364,-0.143184941029176,
520,26,-0.022084595868364,-0.141896639484912,
521,26.05,-0.022084595868364,-0.147049845661968,
522,26.1,-0.022084595868364,-0.145761544117704,
523,26.15,-0.0207962943241,-0.15091475029476,
524,26.2,-0.0207962943241,-0.148338147206232,
525,26.25,-0.022084595868364,-0.154779654927552,
526,26.3,-0.022084595868364,-0.152203051839024,
527,26.35,-0.022084595868364,-0.158644559560344,
528,26.4,-0.022084595868364,-0.15735625801608,
529,26.45,-0.022084595868364,-0.162509464193135,
530,26.5,-0.022084595868364,-0.159932861104608,
531,26.55,-0.022084595868364,-0.166374368825927,
532,26.6,-0.022084595868364,-0.163797765737399,
533,26.65,-0.022084595868364,-0.168950971914455,
534,26.7,-0.022084595868364,-0.167662670370191,
535,26.75,-0.022084595868364,-0.172815876547247,
536,26.8,-0.0207962943241,-0.171527575002983,
537,26.85,-0.022084595868364,-0.176680781180039,
538,26.9,-0.022084595868364,-0.175392479635775,
539,26.95,-0.0207962943241,-0.179257384268567,
540,27,-0.0207962943241,-0.179257384268567,
541,27.05,-0.022084595868364,-0.184410590445623,
542,27.1,-0.022084595868364,-0.183122288901359,
543,27.15,-0.022084595868364,-0.186987193534151,
544,27.2,-0.022084595868364,-0.186987193534151,
545,27.25,-0.022084595868364,-0.190852098166943,
546,27.3,-0.0207962943241,-0.188275495078415,
547,27.35,-0.022084595868364,-0.193428701255471,
548,27.4,-0.0207962943241,-0.189563796622679,
549,27.45,-0.0207962943241,-0.193428701255471,
550,27.5,-0.0207962943241,-0.189563796622679,
551,27.55,-0.0207962943241,-0.194717002799734,
552,27.6,-0.0207962943241,-0.190852098166943,
553,27.65,-0.022084595868364,-0.196005304343998,
554,27.7,-0.0207962943241,-0.194717002799734,
555,27.75,-0.0207962943241,-0.198581907432526,
556,27.8,-0.0207962943241,-0.197293605888262,
557,27.85,-0.0207962943241,-0.202446812065318,
558,27.9,-0.022084595868364,-0.201158510521054,
559,27.95,-0.0207962943241,-0.20631171669811,
560,28,-0.0207962943241,-0.203735113609582,
561,28.05,-0.022084595868364,-0.207600018242374,
562,28.1,-0.0207962943241,-0.203735113609582,
563,28.15,-0.022084595868364,-0.207600018242374,
564,28.2,-0.0207962943241,-0.203735113609582,
565,28.25,-0.022084595868364,-0.207600018242374,
566,28.3,-0.022084595868364,-0.203735113609582,
567,28.35,-0.022084595868364,-0.207600018242374,
568,28.4,-0.0207962943241,-0.203735113609582,
569,28.45,-0.022084595868364,-0.207600018242374,
570,28.5,-0.022084595868364,-0.205023415153846,
571,28.55,-0.0233728974126279,-0.207600018242374,
572,28.6,-0.022084595868364,-0.203735113609582,
573,28.65,-0.0233728974126279,-0.207600018242374,
574,28.7,-0.0233728974126279,-0.203735113609582,
575,28.75,-0.0233728974126279,-0.207600018242374,
576,28.8,-0.0233728974126279,-0.205023415153846,
577,28.85,-0.022084595868364,-0.207600018242374,
578,28.9,-0.022084595868364,-0.203735113609582,
579,28.95,-0.022084595868364,-0.207600018242374,
580,29,-0.022084595868364,-0.203735113609582,
581,29.05,-0.0233728974126279,-0.207600018242374,
582,29.1,-0.0233728974126279,-0.203735113609582,
583,29.15,-0.0233728974126279,-0.207600018242374,
584,29.2,-0.022084595868364,-0.205023415153846,
585,29.25,-0.0233728974126279,-0.207600018242374,
586,29.3,-0.0233728974126279,-0.205023415153846,
587,29.35,-0.0233728974126279,-0.207600018242374,
588,29.4,-0.022084595868364,-0.205023415153846,
589,29.45,-0.022084595868364,-0.207600018242374,
590,29.5,-0.022084595868364,-0.203735113609582,
591,29.55,-0.0233728974126279,-0.207600018242374,
592,29.6,-0.0233728974126279,-0.205023415153846,
593,29.65,-0.0233728974126279,-0.207600018242374,
594,29.7,-0.022084595868364,-0.205023415153846,
595,29.75,-0.0233728974126279,-0.207600018242374,
596,29.8,-0.0233728974126279,-0.205023415153846,
597,29.85,-0.022084595868364,-0.207600018242374,
598,29.9,-0.022084595868364,-0.203735113609582,
599,29.95,-0.0233728974126279,-0.207600018242374,
600,30,-0.022084595868364,-0.205023415153846,
601,30.05,-0.022084595868364,-0.207600018242374,
602,30.1,-0.022084595868364,-0.205023415153846,
603,30.15,-0.0233728974126279,-0.207600018242374,
604,30.2,-0.022084595868364,-0.205023415153846,
605,30.25,-0.0233728974126279,-0.207600018242374,
606,30.3,-0.022084595868364,-0.205023415153846,
607,30.35,-0.0233728974126279,-0.207600018242374,
608,30.4,-0.022084595868364,-0.205023415153846,
609,30.45,-0.022084595868364,-0.207600018242374,
610,30.5,-0.022084595868364,-0.205023415153846,
611,30.55,-0.0233728974126279,-0.207600018242374,
612,30.6,-0.022084595868364,-0.205023415153846,
613,30.65,-0.0233728974126279,-0.207600018242374,
614,30.7,-0.022084595868364,-0.205023415153846,
615,30.75,-0.0233728974126279,-0.207600018242374,
616,30.8,-0.022084595868364,-0.205023415153846,
617,30.85,-0.0233728974126279,-0.207600018242374,
618,30.9,-0.022084595868364,-0.205023415153846,
619,30.95,-0.022084595868364,-0.207600018242374,
620,31,-0.022084595868364,-0.205023415153846,
621,31.05,-0.0233728974126279,-0.207600018242374,
622,31.1,-0.022084595868364,-0.205023415153846,
623,31.15,-0.0233728974126279,-0.208888319786638,
624,31.2,-0.022084595868364,-0.205023415153846,
625,31.25,-0.022084595868364,-0.207600018242374,
626,31.3,-0.022084595868364,-0.205023415153846,
627,31.35,-0.0233728974126279,-0.207600018242374,
628,31.4,-0.022084595868364,-0.205023415153846,
629,31.45,-0.022084595868364,-0.207600018242374,
630,31.5,-0.022084595868364,-0.205023415153846,
631,31.55,-0.0233728974126279,-0.207600018242374,
632,31.6,-0.022084595868364,-0.205023415153846,
633,31.65,-0.022084595868364,-0.207600018242374,
634,31.7,-0.022084595868364,-0.205023415153846,
635,31.75,-0.0233728974126279,-0.207600018242374,
636,31.8,-0.022084595868364,-0.205023415153846,
637,31.85,-0.0233728974126279,-0.207600018242374,
638,31.9,-0.022084595868364,-0.205023415153846,
639,31.95,-0.0233728974126279,-0.207600018242374,
640,32,-0.022084595868364,-0.205023415153846,
641,32.05,-0.022084595868364,-0.207600018242374,
642,32.1,-0.022084595868364,-0.205023415153846,
643,32.15,-0.0233728974126279,-0.207600018242374,
644,32.2,-0.022084595868364,-0.205023415153846,
645,32.25,-0.0233728974126279,-0.207600018242374,
646,32.3,-0.022084595868364,-0.205023415153846,
647,32.35,-0.0233728974126279,-0.207600018242374,
648,32.4,-0.022084595868364,-0.205023415153846,
649,32.45,-0.0233728974126279,-0.207600018242374,
650,32.5,-0.022084595868364,-0.205023415153846,
651,32.55,-0.0233728974126279,-0.207600018242374,
652,32.6,-0.022084595868364,-0.205023415153846,
653,32.65,-0.0233728974126279,-0.207600018242374,
654,32.7,-0.022084595868364,-0.205023415153846,
655,32.75,-0.0233728974126279,-0.20631171669811,
656,32.8,-0.022084595868364,-0.205023415153846,
657,32.85,-0.0233728974126279,-0.207600018242374,
658,32.9,-0.022084595868364,-0.205023415153846,
659,32.95,-0.0233728974126279,-0.207600018242374,
660,33,-0.022084595868364,-0.205023415153846,
661,33.05,-0.0233728974126279,-0.207600018242374,
662,33.1,-0.022084595868364,-0.205023415153846,
663,33.15,-0.0233728974126279,-0.207600018242374,
664,33.2,-0.022084595868364,-0.205023415153846,
665,33.25,-0.0233728974126279,-0.207600018242374,
666,33.3,-0.022084595868364,-0.20631171669811,
667,33.35,-0.0233728974126279,-0.207600018242374,
668,33.4,-0.022084595868364,-0.20631171669811,
669,33.45,-0.0233728974126279,-0.207600018242374,
670,33.5,-0.022084595868364,-0.205023415153846,
671,33.55,-0.0233728974126279,-0.207600018242374,
672,33.6,-0.022084595868364,-0.205023415153846,
673,33.65,-0.0233728974126279,-0.207600018242374,
674,33.7,-0.022084595868364,-0.20631171669811,
675,33.75,-0.0233728974126279,-0.207600018242374,
676,33.8,-0.022084595868364,-0.20631171669811,
677,33.85,-0.0233728974126279,-0.207600018242374,
678,33.9,-0.022084595868364,-0.20631171669811,
679,33.95,-0.0233728974126279,-0.207600018242374,
680,34,-0.022084595868364,-0.205023415153846,
681,34.05,-0.0246611989568919,-0.207600018242374,
682,34.1,-0.022084595868364,-0.205023415153846,
683,34.15,-0.0233728974126279,-0.207600018242374,
684,34.2,-0.022084595868364,-0.205023415153846,
685,34.25,-0.0233728974126279,-0.207600018242374,
686,34.3,-0.0207962943241,-0.205023415153846,
687,34.35,-0.0233728974126279,-0.207600018242374,
688,34.4,-0.0207962943241,-0.20631171669811,
689,34.45,-0.0246611989568919,-0.207600018242374,
690,34.5,-0.0207962943241,-0.205023415153846,
691,34.55,-0.0233728974126279,-0.207600018242374,
692,34.6,-0.022084595868364,-0.20631171669811,
693,34.65,-0.0233728974126279,-0.207600018242374,
694,34.7,-0.022084595868364,-0.20631171669811,
695,34.75,-0.0246611989568919,-0.207600018242374,
696,34.8,-0.022084595868364,-0.205023415153846,
697,34.85,-0.0233728974126279,-0.207600018242374,
698,34.9,-0.0207962943241,-0.205023415153846,
699,34.95,-0.0246611989568919,-0.207600018242374,
700,35,-0.022084595868364,-0.20631171669811,
701,35.05,-0.0233728974126279,-0.207600018242374,
702,35.1,-0.022084595868364,-0.205023415153846,
703,35.15,-0.0233728974126279,-0.20631171669811,
704,35.2,-0.0207962943241,-0.20631171669811,
705,35.25,-0.0233728974126279,-0.20631171669811,
706,35.3,-0.0207962943241,-0.205023415153846,
707,35.35,-0.0233728974126279,-0.207600018242374,
708,35.4,-0.0207962943241,-0.205023415153846,
709,35.45,-0.0233728974126279,-0.207600018242374,
710,35.5,-0.0207962943241,-0.20631171669811,
711,35.55,-0.022084595868364,-0.20631171669811,
712,35.6,-0.0195079927798361,-0.20631171669811,
713,35.65,-0.022084595868364,-0.207600018242374,
714,35.7,-0.0195079927798361,-0.20631171669811,
715,35.75,-0.022084595868364,-0.20631171669811,
716,35.8,-0.0195079927798361,-0.20631171669811,
717,35.85,-0.022084595868364,-0.20631171669811,
718,35.9,-0.0195079927798361,-0.20631171669811,
719,35.95,-0.0233728974126279,-0.207600018242374,
720,36,-0.0195079927798361,-0.207600018242374,
721,36.05,-0.0233728974126279,-0.208888319786638,
722,36.1,-0.0207962943241,-0.210176621330902,
723,36.15,-0.022084595868364,-0.21275322441943,
724,36.2,-0.0195079927798361,-0.214041525963694,
725,36.25,-0.022084595868364,-0.215329827507958,
726,36.3,-0.0195079927798361,-0.216618129052222,
727,36.35,-0.022084595868364,-0.21919473214075,
728,36.4,-0.0195079927798361,-0.21919473214075,
729,36.45,-0.022084595868364,-0.221771335229278,
730,36.5,-0.0207962943241,-0.221771335229278,
731,36.55,-0.0233728974126279,-0.224347938317806,
732,36.6,-0.0207962943241,-0.225636239862069,
733,36.65,-0.022084595868364,-0.228212842950597,
734,36.7,-0.0195079927798361,-0.230789446039125,
735,36.75,-0.022084595868364,-0.233366049127653,
736,36.8,-0.0195079927798361,-0.234654350671917,
737,36.85,-0.022084595868364,-0.237230953760445,
738,36.9,-0.0195079927798361,-0.238519255304709,
739,36.95,-0.022084595868364,-0.241095858393237,
740,37,-0.0195079927798361,-0.243672461481765,
741,37.05,-0.022084595868364,-0.244960763026029,
742,37.1,-0.0195079927798361,-0.247537366114557,
743,37.15,-0.022084595868364,-0.250113969203085,
744,37.2,-0.0195079927798361,-0.252690572291613,
745,37.25,-0.022084595868364,-0.255267175380141,
746,37.3,-0.0195079927798361,-0.256555476924405,
747,37.35,-0.022084595868364,-0.257843778468668,
748,37.4,-0.0195079927798361,-0.260420381557196,
749,37.45,-0.022084595868364,-0.262996984645724,
750,37.5,-0.0195079927798361,-0.264285286189988,
751,37.55,-0.022084595868364,-0.265573587734252,
752,37.6,-0.0195079927798361,-0.269438492367044,
753,37.65,-0.022084595868364,-0.270726793911308,
754,37.7,-0.0195079927798361,-0.272015095455572,
755,37.75,-0.0233728974126279,-0.2745916985441,
756,37.8,-0.0195079927798361,-0.277168301632628,
757,37.85,-0.022084595868364,-0.279744904721156,
758,37.9,-0.0195079927798361,-0.282321507809684,
759,37.95,-0.022084595868364,-0.283609809353948,
760,38,-0.0182196912355721,-0.28747471398674,
761,38.05,-0.022084595868364,-0.290051317075267,
762,38.1,-0.0195079927798361,-0.292627920163795,
763,38.15,-0.022084595868364,-0.293916221708059,
764,38.2,-0.0195079927798361,-0.297781126340851,
765,38.25,-0.022084595868364,-0.299069427885115,
766,38.3,-0.0195079927798361,-0.302934332517907,
767,38.35,-0.022084595868364,-0.304222634062171,
768,38.4,-0.0195079927798361,-0.306799237150699,
769,38.45,-0.022084595868364,-0.308087538694963,
770,38.5,-0.0195079927798361,-0.310664141783491,
771,38.55,-0.022084595868364,-0.311952443327755,
772,38.6,-0.0195079927798361,-0.314529046416283,
773,38.65,-0.022084595868364,-0.315817347960547,
774,38.7,-0.0195079927798361,-0.319682252593338,
775,38.75,-0.022084595868364,-0.319682252593338,
776,38.8,-0.0195079927798361,-0.32354715722613,
777,38.85,-0.022084595868364,-0.326123760314658,
778,38.9,-0.0195079927798361,-0.328700363403186,
779,38.95,-0.022084595868364,-0.32998866494745,
780,39,-0.0195079927798361,-0.332565268035978,
781,39.05,-0.022084595868364,-0.333853569580242,
782,39.1,-0.0195079927798361,-0.33643017266877,
783,39.15,-0.022084595868364,-0.337718474213034,
784,39.2,-0.0195079927798361,-0.340295077301562,
785,39.25,-0.022084595868364,-0.341583378845826,
786,39.3,-0.0195079927798361,-0.345448283478618,
787,39.35,-0.022084595868364,-0.346736585022882,
788,39.4,-0.0195079927798361,-0.350601489655674,
789,39.45,-0.022084595868364,-0.351889791199937,
790,39.5,-0.0182196912355721,-0.355754695832729,
791,39.55,-0.022084595868364,-0.355754695832729,
792,39.6,-0.0195079927798361,-0.358331298921257,
793,39.65,-0.022084595868364,-0.359619600465521,
794,39.7,-0.0195079927798361,-0.362196203554049,
795,39.75,-0.022084595868364,-0.363484505098313,
796,39.8,-0.0195079927798361,-0.367349409731105,
797,39.85,-0.022084595868364,-0.366061108186841,
798,39.9,-0.0195079927798361,-0.371214314363897,
799,39.95,-0.022084595868364,-0.371214314363897,
800,40,-0.0182196912355721,-0.375079218996689,
801,40.05,-0.022084595868364,-0.375079218996689,
802,40.1,-0.0182196912355721,-0.380232425173745,
803,40.15,-0.022084595868364,-0.378944123629481,
804,40.2,-0.0195079927798361,-0.382809028262272,
805,40.25,-0.022084595868364,-0.384097329806536,
806,40.3,-0.0182196912355721,-0.386673932895064,
807,40.35,-0.022084595868364,-0.3853856313508,
808,40.4,-0.0195079927798361,-0.387962234439328,
809,40.45,-0.022084595868364,-0.387962234439328,
810,40.5,-0.0195079927798361,-0.39182713907212,
811,40.55,-0.022084595868364,-0.390538837527856,
812,40.6,-0.0195079927798361,-0.395692043704912,
813,40.65,-0.022084595868364,-0.394403742160648,
814,40.7,-0.0195079927798361,-0.400845249881968,
815,40.75,-0.022084595868364,-0.399556948337704,
816,40.8,-0.0195079927798361,-0.403421852970496,
817,40.85,-0.0233728974126279,-0.400845249881968,
818,40.9,-0.0195079927798361,-0.403421852970496,
819,40.95,-0.022084595868364,-0.400845249881968,
820,41,-0.0195079927798361,-0.403421852970496,
821,41.05,-0.022084595868364,-0.400845249881968,
822,41.1,-0.0195079927798361,-0.403421852970496,
823,41.15,-0.022084595868364,-0.402133551426232,
824,41.2,-0.0195079927798361,-0.403421852970496,
825,41.25,-0.0233728974126279,-0.400845249881968,
826,41.3,-0.0195079927798361,-0.403421852970496,
827,41.35,-0.022084595868364,-0.400845249881968,
828,41.4,-0.0195079927798361,-0.40471015451476,
829,41.45,-0.0233728974126279,-0.400845249881968,
830,41.5,-0.0195079927798361,-0.40471015451476,
831,41.55,-0.022084595868364,-0.402133551426232,
832,41.6,-0.0195079927798361,-0.403421852970496,
833,41.65,-0.0233728974126279,-0.402133551426232,
834,41.7,-0.0195079927798361,-0.40471015451476,
835,41.75,-0.0233728974126279,-0.402133551426232,
836,41.8,-0.0195079927798361,-0.40471015451476,
837,41.85,-0.022084595868364,-0.400845249881968,
838,41.9,-0.0195079927798361,-0.40471015451476,
839,41.95,-0.022084595868364,-0.400845249881968,
840,42,-0.0195079927798361,-0.40471015451476,
841,42.05,-0.022084595868364,-0.400845249881968,
842,42.1,-0.0195079927798361,-0.40471015451476,
843,42.15,-0.022084595868364,-0.402133551426232,
844,42.2,-0.0195079927798361,-0.403421852970496,
845,42.25,-0.022084595868364,-0.400845249881968,
846,42.3,-0.0195079927798361,-0.40471015451476,
847,42.35,-0.022084595868364,-0.400845249881968,
848,42.4,-0.0195079927798361,-0.40471015451476,
849,42.45,-0.022084595868364,-0.402133551426232,
850,42.5,-0.0195079927798361,-0.40471015451476,
851,42.55,-0.022084595868364,-0.400845249881968,
852,42.6,-0.0195079927798361,-0.40471015451476,
853,42.65,-0.022084595868364,-0.402133551426232,
854,42.7,-0.0195079927798361,-0.40471015451476,
855,42.75,-0.022084595868364,-0.400845249881968,
856,42.8,-0.0195079927798361,-0.40471015451476,
857,42.85,-0.022084595868364,-0.400845249881968,
858,42.9,-0.0195079927798361,-0.40471015451476,
859,42.95,-0.022084595868364,-0.400845249881968,
860,43,-0.0195079927798361,-0.40471015451476,
861,43.05,-0.022084595868364,-0.400845249881968,
862,43.1,-0.0195079927798361,-0.40471015451476,
863,43.15,-0.022084595868364,-0.400845249881968,
864,43.2,-0.0195079927798361,-0.40471015451476,
865,43.25,-0.022084595868364,-0.400845249881968,
866,43.3,-0.0195079927798361,-0.40471015451476,
867,43.35,-0.022084595868364,-0.400845249881968,
868,43.4,-0.0195079927798361,-0.40471015451476,
869,43.45,-0.022084595868364,-0.402133551426232,
870,43.5,-0.0195079927798361,-0.40471015451476,
871,43.55,-0.022084595868364,-0.400845249881968,
872,43.6,-0.0195079927798361,-0.40471015451476,
873,43.65,-0.022084595868364,-0.402133551426232,
874,43.7,-0.0195079927798361,-0.40471015451476,
875,43.75,-0.022084595868364,-0.402133551426232,
876,43.8,-0.0195079927798361,-0.40471015451476,
877,43.85,-0.022084595868364,-0.400845249881968,
878,43.9,-0.0195079927798361,-0.40471015451476,
879,43.95,-0.022084595868364,-0.400845249881968,
880,44,-0.0195079927798361,-0.40471015451476,
881,44.05,-0.022084595868364,-0.402133551426232,
882,44.1,-0.0195079927798361,-0.40471015451476,
883,44.15,-0.022084595868364,-0.400845249881968,
884,44.2,-0.0195079927798361,-0.40471015451476,
885,44.25,-0.022084595868364,-0.400845249881968,
886,44.3,-0.0195079927798361,-0.40471015451476,
887,44.35,-0.022084595868364,-0.402133551426232,
888,44.4,-0.0195079927798361,-0.40471015451476,
889,44.45,-0.022084595868364,-0.402133551426232,
890,44.5,-0.0195079927798361,-0.40471015451476,
891,44.55,-0.022084595868364,-0.402133551426232,
892,44.6,-0.0195079927798361,-0.40471015451476,
893,44.65,-0.022084595868364,-0.400845249881968,
894,44.7,-0.0195079927798361,-0.40471015451476,
895,44.75,-0.022084595868364,-0.402133551426232,
896,44.8,-0.0195079927798361,-0.40471015451476,
897,44.85,-0.022084595868364,-0.402133551426232,
898,44.9,-0.0195079927798361,-0.403421852970496,
899,44.95,-0.022084595868364,-0.402133551426232,
900,45,-0.0195079927798361,-0.40471015451476,
901,45.05,-0.022084595868364,-0.400845249881968,
902,45.1,-0.0195079927798361,-0.40471015451476,
903,45.15,-0.022084595868364,-0.400845249881968,
904,45.2,-0.0195079927798361,-0.40471015451476,
905,45.25,-0.022084595868364,-0.400845249881968,
906,45.3,-0.0195079927798361,-0.40471015451476,
907,45.35,-0.022084595868364,-0.402133551426232,
908,45.4,-0.0195079927798361,-0.403421852970496,
909,45.45,-0.022084595868364,-0.402133551426232,
910,45.5,-0.0195079927798361,-0.40471015451476,
911,45.55,-0.022084595868364,-0.402133551426232,
912,45.6,-0.0195079927798361,-0.40471015451476,
913,45.65,-0.022084595868364,-0.400845249881968,
914,45.7,-0.0195079927798361,-0.40471015451476,
915,45.75,-0.022084595868364,-0.402133551426232,
916,45.8,-0.0195079927798361,-0.40471015451476,
917,45.85,-0.022084595868364,-0.402133551426232,
918,45.9,-0.0195079927798361,-0.40471015451476,
919,45.95,-0.022084595868364,-0.402133551426232,
920,46,-0.0195079927798361,-0.40471015451476,
921,46.05,-0.022084595868364,-0.402133551426232,
922,46.1,-0.0195079927798361,-0.40471015451476,
923,46.15,-0.022084595868364,-0.402133551426232,
924,46.2,-0.0195079927798361,-0.40471015451476,
925,46.25,-0.0233728974126279,-0.402133551426232,
926,46.3,-0.0195079927798361,-0.403421852970496,
927,46.35,-0.022084595868364,-0.402133551426232,
928,46.4,-0.0195079927798361,-0.40471015451476,
929,46.45,-0.022084595868364,-0.402133551426232,
930,46.5,-0.0207962943241,-0.40471015451476,
931,46.55,-0.022084595868364,-0.402133551426232,
932,46.6,-0.0195079927798361,-0.40471015451476,
933,46.65,-0.022084595868364,-0.402133551426232,
934,46.7,-0.0182196912355721,-0.40471015451476,
935,46.75,-0.022084595868364,-0.402133551426232,
936,46.8,-0.0195079927798361,-0.40471015451476,
937,46.85,-0.022084595868364,-0.402133551426232,
938,46.9,-0.0195079927798361,-0.40471015451476,
939,46.95,-0.022084595868364,-0.402133551426232,
940,47,-0.0195079927798361,-0.403421852970496,
941,47.05,-0.022084595868364,-0.402133551426232,
942,47.1,-0.0195079927798361,-0.40471015451476,
943,47.15,-0.022084595868364,-0.402133551426232,
944,47.2,-0.0195079927798361,-0.403421852970496,
945,47.25,-0.022084595868364,-0.402133551426232,
946,47.3,-0.0195079927798361,-0.403421852970496,
947,47.35,-0.022084595868364,-0.402133551426232,
948,47.4,-0.0195079927798361,-0.40471015451476,
949,47.45,-0.022084595868364,-0.402133551426232,
950,47.5,-0.0195079927798361,-0.403421852970496,
951,47.55,-0.022084595868364,-0.402133551426232,
952,47.6,-0.0195079927798361,-0.40471015451476,
953,47.65,-0.022084595868364,-0.402133551426232,
954,47.7,-0.0195079927798361,-0.403421852970496,
955,47.75,-0.022084595868364,-0.403421852970496,
956,47.8,-0.0195079927798361,-0.403421852970496,
957,47.85,-0.022084595868364,-0.402133551426232,
958,47.9,-0.0195079927798361,-0.403421852970496,
959,47.95,-0.022084595868364,-0.402133551426232,
960,48,-0.0195079927798361,-0.403421852970496,
961,48.05,-0.022084595868364,-0.402133551426232,
962,48.1,-0.0195079927798361,-0.403421852970496,
963,48.15,-0.022084595868364,-0.402133551426232,
964,48.2,-0.0195079927798361,-0.40471015451476,
965,48.25,-0.022084595868364,-0.402133551426232,
966,48.3,-0.0195079927798361,-0.40471015451476,
967,48.35,-0.022084595868364,-0.403421852970496,
968,48.4,-0.0195079927798361,-0.403421852970496,
969,48.45,-0.022084595868364,-0.402133551426232,
970,48.5,-0.0195079927798361,-0.403421852970496,
971,48.55,-0.0233728974126279,-0.402133551426232,
972,48.6,-0.0195079927798361,-0.403421852970496,
973,48.65,-0.022084595868364,-0.402133551426232,
974,48.7,-0.0195079927798361,-0.403421852970496,
975,48.75,-0.022084595868364,-0.402133551426232,
976,48.8,-0.0195079927798361,-0.403421852970496,
977,48.85,-0.022084595868364,-0.402133551426232,
978,48.9,-0.0195079927798361,-0.403421852970496,
979,48.95,-0.022084595868364,-0.402133551426232,
980,49,-0.0195079927798361,-0.403421852970496,
981,49.05,-0.022084595868364,-0.402133551426232,
982,49.1,-0.0195079927798361,-0.403421852970496,
983,49.15,-0.022084595868364,-0.402133551426232,
984,49.2,-0.0195079927798361,-0.403421852970496,
985,49.25,-0.022084595868364,-0.402133551426232,
986,49.3,-0.0195079927798361,-0.403421852970496,
987,49.35,-0.022084595868364,-0.403421852970496,
988,49.4,-0.0195079927798361,-0.403421852970496,
989,49.45,-0.022084595868364,-0.403421852970496,
990,49.5,-0.0195079927798361,-0.403421852970496,
991,49.55,-0.022084595868364,-0.402133551426232,
992,49.6,-0.0195079927798361,-0.403421852970496,
993,49.65,-0.022084595868364,-0.403421852970496,
994,49.7,-0.0195079927798361,-0.403421852970496,
995,49.75,-0.022084595868364,-0.403421852970496,
996,49.8,-0.0195079927798361,-0.403421852970496,
997,49.85,-0.022084595868364,-0.403421852970496,
998,49.9,-0.0195079927798361,-0.403421852970496,
999,49.95,-0.0233728974126279,-0.403421852970496,
1000,50,-0.0195079927798361,-0.403421852970496,
1001,50.05,-0.022084595868364,-0.403421852970496,
1002,50.1,-0.0195079927798361,-0.403421852970496,
1003,50.15,-0.022084595868364,-0.403421852970496,
1004,50.2,-0.0195079927798361,-0.403421852970496,
1005,50.25,-0.0233728974126279,-0.403421852970496,
1006,50.3,-0.0195079927798361,-0.403421852970496,
1007,50.35,-0.022084595868364,-0.403421852970496,
1008,50.4,-0.0195079927798361,-0.403421852970496,
1009,50.45,-0.022084595868364,-0.403421852970496,
1010,50.5,-0.0195079927798361,-0.403421852970496,
1011,50.55,-0.022084595868364,-0.403421852970496,
1012,50.6,-0.0195079927798361,-0.403421852970496,
1013,50.65,-0.022084595868364,-0.403421852970496,
1014,50.7,-0.0195079927798361,-0.403421852970496,
1015,50.75,-0.022084595868364,-0.403421852970496,
1016,50.8,-0.0195079927798361,-0.403421852970496,
1017,50.85,-0.022084595868364,-0.403421852970496,
1018,50.9,-0.0195079927798361,-0.403421852970496,
1019,50.95,-0.0233728974126279,-0.403421852970496,
1020,51,-0.0195079927798361,-0.403421852970496,
1021,51.05,-0.022084595868364,-0.403421852970496,
1022,51.1,-0.0195079927798361,-0.403421852970496,
1023,51.15,-0.022084595868364,-0.403421852970496,
1024,51.2,-0.0195079927798361,-0.403421852970496,
1025,51.25,-0.022084595868364,-0.403421852970496,
1026,51.3,-0.0195079927798361,-0.402133551426232,
1027,51.35,-0.022084595868364,-0.403421852970496,
1028,51.4,-0.0195079927798361,-0.403421852970496,
1029,51.45,-0.022084595868364,-0.403421852970496,
1030,51.5,-0.0195079927798361,-0.402133551426232,
1031,51.55,-0.022084595868364,-0.403421852970496,
1032,51.6,-0.0195079927798361,-0.402133551426232,
1033,51.65,-0.022084595868364,-0.403421852970496,
1034,51.7,-0.0195079927798361,-0.402133551426232,
1035,51.75,-0.022084595868364,-0.403421852970496,
1036,51.8,-0.0195079927798361,-0.403421852970496,
1037,51.85,-0.022084595868364,-0.40471015451476,
1038,51.9,-0.0195079927798361,-0.402133551426232,
1039,51.95,-0.022084595868364,-0.403421852970496,
1040,52,-0.0195079927798361,-0.402133551426232,
1041,52.05,-0.022084595868364,-0.403421852970496,
1042,52.1,-0.0195079927798361,-0.402133551426232,
1043,52.15,-0.022084595868364,-0.403421852970496,
1044,52.2,-0.0195079927798361,-0.403421852970496,
1045,52.25,-0.022084595868364,-0.403421852970496,
1046,52.3,-0.0195079927798361,-0.403421852970496,
1047,52.35,-0.022084595868364,-0.403421852970496,
1048,52.4,-0.0195079927798361,-0.402133551426232,
1049,52.45,-0.022084595868364,-0.40471015451476,
1050,52.5,-0.0195079927798361,-0.402133551426232,
1051,52.55,-0.022084595868364,-0.40471015451476,
1052,52.6,-0.0207962943241,-0.402133551426232,
1053,52.65,-0.022084595868364,-0.403421852970496,
1054,52.7,-0.0195079927798361,-0.402133551426232,
1055,52.75,-0.022084595868364,-0.403421852970496,
1056,52.8,-0.0195079927798361,-0.402133551426232,
1057,52.85,-0.022084595868364,-0.403421852970496,
1058,52.9,-0.0195079927798361,-0.403421852970496,
1059,52.95,-0.022084595868364,-0.403421852970496,
1060,53,-0.0207962943241,-0.402133551426232,
1061,53.05,-0.022084595868364,-0.403421852970496,
1062,53.1,-0.0195079927798361,-0.402133551426232,
1063,53.15,-0.022084595868364,-0.403421852970496,
1064,53.2,-0.0207962943241,-0.402133551426232,
1065,53.25,-0.022084595868364,-0.403421852970496,
1066,53.3,-0.0195079927798361,-0.402133551426232,
1067,53.35,-0.022084595868364,-0.40471015451476,
1068,53.4,-0.0207962943241,-0.402133551426232,
1069,53.45,-0.0233728974126279,-0.403421852970496,
1070,53.5,-0.0207962943241,-0.402133551426232,
1071,53.55,-0.022084595868364,-0.403421852970496,
1072,53.6,-0.0207962943241,-0.402133551426232,
1073,53.65,-0.022084595868364,-0.40471015451476,
1074,53.7,-0.0195079927798361,-0.402133551426232,
1075,53.75,-0.022084595868364,-0.40471015451476,
1076,53.8,-0.0195079927798361,-0.402133551426232,
1077,53.85,-0.022084595868364,-0.403421852970496,
1078,53.9,-0.0195079927798361,-0.402133551426232,
1079,53.95,-0.022084595868364,-0.403421852970496,
1080,54,-0.0195079927798361,-0.402133551426232,
1081,54.05,-0.022084595868364,-0.403421852970496,
1082,54.1,-0.0195079927798361,-0.402133551426232,
1083,54.15,-0.022084595868364,-0.40471015451476,
1084,54.2,-0.0195079927798361,-0.402133551426232,
1085,54.25,-0.022084595868364,-0.403421852970496,
1086,54.3,-0.0207962943241,-0.402133551426232,
1087,54.35,-0.022084595868364,-0.403421852970496,
1088,54.4,-0.0207962943241,-0.402133551426232,
1089,54.45,-0.022084595868364,-0.40471015451476,
1090,54.5,-0.0195079927798361,-0.402133551426232,
1091,54.55,-0.022084595868364,-0.40471015451476,
1092,54.6,-0.0195079927798361,-0.402133551426232,
1093,54.65,-0.022084595868364,-0.403421852970496,
1094,54.7,-0.0195079927798361,-0.402133551426232,
1095,54.75,-0.022084595868364,-0.403421852970496,
1096,54.8,-0.0195079927798361,-0.402133551426232,
1097,54.85,-0.022084595868364,-0.403421852970496,
1098,54.9,-0.0207962943241,-0.402133551426232,
1099,54.95,-0.022084595868364,-0.40471015451476,
1100,55,-0.0207962943241,-0.402133551426232,
1101,55.05,-0.0207962943241,-0.403421852970496,
1102,55.1,-0.0207962943241,-0.402133551426232,
1103,55.15,-0.022084595868364,-0.40471015451476,
1104,55.2,-0.0207962943241,-0.402133551426232,
1105,55.25,-0.022084595868364,-0.40471015451476,
1106,55.3,-0.0207962943241,-0.402133551426232,
1107,55.35,-0.022084595868364,-0.403421852970496,
1108,55.4,-0.0207962943241,-0.402133551426232,
1109,55.45,-0.022084595868364,-0.40471015451476,
1110,55.5,-0.0207962943241,-0.402133551426232,
1111,55.55,-0.022084595868364,-0.40471015451476,
1112,55.6,-0.0207962943241,-0.402133551426232,
1113,55.65,-0.0207962943241,-0.40471015451476,
1114,55.7,-0.0207962943241,-0.402133551426232,
1115,55.75,-0.022084595868364,-0.40471015451476,
1116,55.8,-0.0207962943241,-0.402133551426232,
1117,55.85,-0.0207962943241,-0.405998456059024,
1118,55.9,-0.0207962943241,-0.402133551426232,
1119,55.95,-0.022084595868364,-0.403421852970496,
1120,56,-0.0207962943241,-0.402133551426232,
1121,56.05,-0.0207962943241,-0.40471015451476,
1122,56.1,-0.0207962943241,-0.402133551426232,
1123,56.15,-0.022084595868364,-0.40471015451476,
1124,56.2,-0.0207962943241,-0.400845249881968,
1125,56.25,-0.0207962943241,-0.403421852970496,
1126,56.3,-0.0207962943241,-0.402133551426232,
1127,56.35,-0.0207962943241,-0.40471015451476,
1128,56.4,-0.0207962943241,-0.402133551426232,
1129,56.45,-0.022084595868364,-0.40471015451476,
1130,56.5,-0.0207962943241,-0.402133551426232,
1131,56.55,-0.022084595868364,-0.40471015451476,
1132,56.6,-0.0207962943241,-0.402133551426232,
1133,56.65,-0.022084595868364,-0.40471015451476,
1134,56.7,-0.0207962943241,-0.402133551426232,
1135,56.75,-0.022084595868364,-0.40471015451476,
1136,56.8,-0.0207962943241,-0.402133551426232,
1137,56.85,-0.0207962943241,-0.40471015451476,
1138,56.9,-0.0207962943241,-0.402133551426232,
1139,56.95,-0.022084595868364,-0.40471015451476,
1140,57,-0.0207962943241,-0.402133551426232,
1141,57.05,-0.022084595868364,-0.40471015451476,
1142,57.1,-0.0207962943241,-0.402133551426232,
1143,57.15,-0.022084595868364,-0.40471015451476,
1144,57.2,-0.0207962943241,-0.402133551426232,
1145,57.25,-0.0207962943241,-0.40471015451476,
1146,57.3,-0.0207962943241,-0.402133551426232,
1147,57.35,-0.0207962943241,-0.40471015451476,
1148,57.4,-0.0207962943241,-0.402133551426232,
1149,57.45,-0.0207962943241,-0.40471015451476,
1150,57.5,-0.0207962943241,-0.400845249881968,
1151,57.55,-0.022084595868364,-0.40471015451476,
1152,57.6,-0.0207962943241,-0.402133551426232,
1153,57.65,-0.022084595868364,-0.40471015451476,
1154,57.7,-0.0207962943241,-0.400845249881968,
1155,57.75,-0.022084595868364,-0.405998456059024,
1156,57.8,-0.0207962943241,-0.400845249881968,
1157,57.85,-0.022084595868364,-0.40471015451476,
1158,57.9,-0.0207962943241,-0.400845249881968,
1159,57.95,-0.0207962943241,-0.40471015451476,
1160,58,-0.0207962943241,-0.400845249881968,
1161,58.05,-0.0207962943241,-0.40471015451476,
1162,58.1,-0.0207962943241,-0.400845249881968,
1163,58.15,-0.022084595868364,-0.40471015451476,
1164,58.2,-0.022084595868364,-0.402133551426232,
1165,58.25,-0.0207962943241,-0.40471015451476,
1166,58.3,-0.0207962943241,-0.400845249881968,
1167,58.35,-0.0207962943241,-0.40471015451476,
1168,58.4,-0.0207962943241,-0.402133551426232,
1169,58.45,-0.0207962943241,-0.40471015451476,
1170,58.5,-0.0207962943241,-0.400845249881968,
1171,58.55,-0.0207962943241,-0.40471015451476,
1172,58.6,-0.0207962943241,-0.402133551426232,
1173,58.65,-0.0207962943241,-0.40471015451476,
1174,58.7,-0.0207962943241,-0.400845249881968,
1175,58.75,-0.0207962943241,-0.40471015451476,
1176,58.8,-0.0207962943241,-0.400845249881968,
1177,58.85,-0.0207962943241,-0.40471015451476,
1178,58.9,-0.0207962943241,-0.402133551426232,
1179,58.95,-0.0207962943241,-0.40471015451476,
1180,59,-0.022084595868364,-0.400845249881968,
1181,59.05,-0.0207962943241,-0.40471015451476,
1182,59.1,-0.0207962943241,-0.400845249881968,
1183,59.15,-0.022084595868364,-0.40471015451476,
1184,59.2,-0.0207962943241,-0.400845249881968,
1185,59.25,-0.0207962943241,-0.405998456059024,
1186,59.3,-0.0207962943241,-0.400845249881968,
1187,59.35,-0.0207962943241,-0.40471015451476,
1188,59.4,-0.0207962943241,-0.400845249881968,
1189,59.45,-0.022084595868364,-0.40471015451476,
1190,59.5,-0.022084595868364,-0.400845249881968,
1191,59.55,-0.0207962943241,-0.40471015451476,
1192,59.6,-0.022084595868364,-0.400845249881968,
1193,59.65,-0.022084595868364,-0.40471015451476,
1194,59.7,-0.0207962943241,-0.400845249881968,
1195,59.75,-0.0207962943241,-0.40471015451476,
1196,59.8,-0.022084595868364,-0.400845249881968,
1197,59.85,-0.022084595868364,-0.40471015451476,
1198,59.9,-0.022084595868364,-0.400845249881968,
1199,59.95,-0.0207962943241,-0.40471015451476,
1200,60,-0.0207962943241,-0.400845249881968,
1201,60.05,-0.022084595868364,-0.40471015451476,
1202,60.1,-0.022084595868364,-0.400845249881968,
1203,60.15,-0.0207962943241,-0.40471015451476,
1204,60.2,-0.0207962943241,-0.400845249881968,
1205,60.25,-0.022084595868364,-0.405998456059024,
1206,60.3,-0.0207962943241,-0.400845249881968,
1207,60.35,-0.0207962943241,-0.40471015451476,
1208,60.4,-0.0207962943241,-0.400845249881968,
1209,60.45,-0.0207962943241,-0.40471015451476,
1210,60.5,-0.022084595868364,-0.400845249881968,
1211,60.55,-0.022084595868364,-0.405998456059024,
1212,60.6,-0.022084595868364,-0.400845249881968,
1213,60.65,-0.022084595868364,-0.40471015451476,
1214,60.7,-0.0207962943241,-0.400845249881968,
1215,60.75,-0.022084595868364,-0.40471015451476,
1216,60.8,-0.022084595868364,-0.400845249881968,
1217,60.85,-0.0207962943241,-0.40471015451476,
1218,60.9,-0.022084595868364,-0.400845249881968,
1219,60.95,-0.0207962943241,-0.40471015451476,
1220,61,-0.0207962943241,-0.400845249881968,
1221,61.05,-0.022084595868364,-0.405998456059024,
1222,61.1,-0.022084595868364,-0.400845249881968,
1223,61.15,-0.0207962943241,-0.405998456059024,
1224,61.2,-0.0207962943241,-0.400845249881968,
1225,61.25,-0.0207962943241,-0.405998456059024,
1226,61.3,-0.0207962943241,-0.400845249881968,
1227,61.35,-0.0207962943241,-0.405998456059024,
1228,61.4,-0.0207962943241,-0.400845249881968,
1229,61.45,-0.022084595868364,-0.405998456059024,
1230,61.5,-0.022084595868364,-0.400845249881968,
1231,61.55,-0.0207962943241,-0.405998456059024,
1232,61.6,-0.022084595868364,-0.400845249881968,
1233,61.65,-0.0207962943241,-0.40471015451476,
1234,61.7,-0.022084595868364,-0.400845249881968,
1235,61.75,-0.0207962943241,-0.405998456059024,
1236,61.8,-0.0207962943241,-0.400845249881968,
1237,61.85,-0.0207962943241,-0.405998456059024,
1238,61.9,-0.022084595868364,-0.400845249881968,
1239,61.95,-0.0207962943241,-0.40471015451476,
1240,62,-0.022084595868364,-0.400845249881968,
1241,62.05,-0.0207962943241,-0.405998456059024,
1242,62.1,-0.0207962943241,-0.400845249881968,
1243,62.15,-0.0207962943241,-0.40471015451476,
1244,62.2,-0.022084595868364,-0.400845249881968,
1245,62.25,-0.0207962943241,-0.405998456059024,
1246,62.3,-0.022084595868364,-0.400845249881968,
1247,62.35,-0.0207962943241,-0.40471015451476,
1248,62.4,-0.0207962943241,-0.400845249881968,
1249,62.45,-0.0207962943241,-0.405998456059024,
1250,62.5,-0.022084595868364,-0.400845249881968,
1251,62.55,-0.022084595868364,-0.40471015451476,
1252,62.6,-0.022084595868364,-0.400845249881968,
1253,62.65,-0.022084595868364,-0.405998456059024,
1254,62.7,-0.0207962943241,-0.400845249881968,
1255,62.75,-0.0207962943241,-0.405998456059024,
1256,62.8,-0.022084595868364,-0.400845249881968,
1257,62.85,-0.022084595868364,-0.405998456059024,
1258,62.9,-0.022084595868364,-0.400845249881968,
1259,62.95,-0.0207962943241,-0.405998456059024,
1260,63,-0.022084595868364,-0.400845249881968,
