,,,ch1_t,ch1_v,,,,,ch2_t,ch2_v
Record Length,2500,Points,-2.46E-01,-50,,Record Length,2500,Points,-2.46E-01,-20
Sample Interval,2.00E-04,s,-2.46E-01,-50,,Sample Interval,2.00E-04,s,-2.46E-01,-20
Trigger Point,1.23E+03,Samples,-2.46E-01,-50,,Trigger Point,1.23E+03,Samples,-2.46E-01,-20
,,,-2.45E-01,-48,,,,,-2.45E-01,-20
,,,-2.45E-01,-48,,,,,-2.45E-01,-20
,,,-2.45E-01,-48,,,,,-2.45E-01,-19.2000008
Source,CH1,,-2.45E-01,-46,,Source,CH2,,-2.45E-01,-19.2000008
Vertical Units,Volts,,-2.45E-01,-44,,Vertical Units,Volts,,-2.45E-01,-19.2000008
Vertical Scale,50,,-2.44E-01,-42,,Vertical Scale,20.0000003,,-2.44E-01,-18.3999996
Vertical Offset,0,,-2.44E-01,-42,,Vertical Offset,0,,-2.44E-01,-18.3999996
Horizontal Units,s,,-2.44E-01,-40,,Horizontal Units,s,,-2.44E-01,-18.3999996
Horizontal Scale,5.00E-02,,-2.44E-01,-36,,Horizontal Scale,5.00E-02,,-2.44E-01,-17.6000004
Pt Fmt,Y,,-2.44E-01,-34,,Pt Fmt,Y,,-2.44E-01,-17.6000004
Yzero,-8.00E-02,,-2.43E-01,-30,,Yzero,4.00E-02,,-2.43E-01,-16.8000011
Probe Atten,10,,-2.43E-01,-28,,Probe Atten,10,,-2.43E-01,-16.8000011
,,,-2.43E-01,-26,,,,,-2.43E-01,-16
Note,TBS 1052B-EDU - 18:21:04   06/11/2024,,-2.43E-01,-22,,Note,TBS 1052B-EDU - 18:21:04   06/11/2024,,-2.43E-01,-16
,,,-2.43E-01,-18,,,,,-2.43E-01,-15.1999998
,,,-2.42E-01,-16,,,,,-2.42E-01,-15.1999998
,,,-2.42E-01,-12,,,,,-2.42E-01,-14.4000006
,,,-2.42E-01,-8,,,,,-2.42E-01,-13.6000004
,,,-2.42E-01,-6,,,,,-2.42E-01,-13.6000004
,,,-2.42E-01,-2,,,,,-2.42E-01,-12.8000002
,,,-2.41E-01,2,,,,,-2.41E-01,-12
,,,-2.41E-01,4,,,,,-2.41E-01,-11.1999998
,,,-2.41E-01,6,,,,,-2.41E-01,-9.600000381
,,,-2.41E-01,8,,,,,-2.41E-01,-8.800000191
,,,-2.41E-01,12,,,,,-2.41E-01,-7.20000029
,,,-2.40E-01,14,,,,,-2.40E-01,-5.5999999
,,,-2.40E-01,16,,,,,-2.40E-01,-4.80000019
,,,-2.40E-01,18,,,,,-2.40E-01,-2.4000001
,,,-2.40E-01,20,,,,,-2.40E-01,-8.00E-01
,,,-2.40E-01,22,,,,,-2.40E-01,8.00E-01
,,,-2.39E-01,24,,,,,-2.39E-01,3.20000005
,,,-2.39E-01,24,,,,,-2.39E-01,4.80000019
,,,-2.39E-01,26,,,,,-2.39E-01,7.20000029
,,,-2.39E-01,28,,,,,-2.39E-01,9.600000381
,,,-2.39E-01,28,,,,,-2.39E-01,11.1999998
,,,-2.38E-01,28,,,,,-2.38E-01,13.6000004
,,,-2.38E-01,30,,,,,-2.38E-01,16
,,,-2.38E-01,32,,,,,-2.38E-01,16.8000011
,,,-2.38E-01,34,,,,,-2.38E-01,18.3999996
,,,-2.38E-01,38,,,,,-2.38E-01,19.2000008
,,,-2.37E-01,40,,,,,-2.37E-01,20
,,,-2.37E-01,44,,,,,-2.37E-01,20
,,,-2.37E-01,46,,,,,-2.37E-01,20
,,,-2.37E-01,48,,,,,-2.37E-01,20.80000114
,,,-2.37E-01,50,,,,,-2.37E-01,20
,,,-2.36E-01,50,,,,,-2.36E-01,20.80000114
,,,-2.36E-01,50,,,,,-2.36E-01,20
,,,-2.36E-01,50,,,,,-2.36E-01,20.80000114
,,,-2.36E-01,50,,,,,-2.36E-01,20
,,,-2.36E-01,52,,,,,-2.36E-01,20
,,,-2.35E-01,50,,,,,-2.35E-01,20
,,,-2.35E-01,50,,,,,-2.35E-01,20
,,,-2.35E-01,50,,,,,-2.35E-01,20
,,,-2.35E-01,48,,,,,-2.35E-01,19.2000008
,,,-2.35E-01,46,,,,,-2.35E-01,19.2000008
,,,-2.34E-01,44,,,,,-2.34E-01,18.3999996
,,,-2.34E-01,42,,,,,-2.34E-01,18.3999996
,,,-2.34E-01,40,,,,,-2.34E-01,18.3999996
,,,-2.34E-01,38,,,,,-2.34E-01,17.6000004
,,,-2.34E-01,34,,,,,-2.34E-01,17.6000004
,,,-2.33E-01,32,,,,,-2.33E-01,16.8000011
,,,-2.33E-01,28,,,,,-2.33E-01,16.8000011
,,,-2.33E-01,26,,,,,-2.33E-01,16
,,,-2.33E-01,24,,,,,-2.33E-01,16
,,,-2.33E-01,18,,,,,-2.33E-01,15.1999998
,,,-2.32E-01,16,,,,,-2.32E-01,15.1999998
,,,-2.32E-01,12,,,,,-2.32E-01,14.4000006
,,,-2.32E-01,10,,,,,-2.32E-01,13.6000004
,,,-2.32E-01,6,,,,,-2.32E-01,12.8000002
,,,-2.32E-01,4,,,,,-2.32E-01,12.8000002
,,,-2.31E-01,0,,,,,-2.31E-01,12
,,,-2.31E-01,-2,,,,,-2.31E-01,11.1999998
,,,-2.31E-01,-6,,,,,-2.31E-01,10.4000006
,,,-2.31E-01,-8,,,,,-2.31E-01,8.800000191
,,,-2.31E-01,-10,,,,,-2.31E-01,8
,,,-2.30E-01,-12,,,,,-2.30E-01,6.4000001
,,,-2.30E-01,-14,,,,,-2.30E-01,4.80000019
,,,-2.30E-01,-16,,,,,-2.30E-01,3.20000005
,,,-2.30E-01,-20,,,,,-2.30E-01,8.00E-01
,,,-2.30E-01,-22,,,,,-2.30E-01,0
,,,-2.29E-01,-22,,,,,-2.29E-01,-3.20000005
,,,-2.29E-01,-24,,,,,-2.29E-01,-4.80000019
,,,-2.29E-01,-24,,,,,-2.29E-01,-6.4000001
,,,-2.29E-01,-26,,,,,-2.29E-01,-9.600000381
,,,-2.29E-01,-28,,,,,-2.29E-01,-11.1999998
,,,-2.28E-01,-28,,,,,-2.28E-01,-12.8000002
,,,-2.28E-01,-30,,,,,-2.28E-01,-15.1999998
,,,-2.28E-01,-32,,,,,-2.28E-01,-16.8000011
,,,-2.28E-01,-34,,,,,-2.28E-01,-18.3999996
,,,-2.28E-01,-36,,,,,-2.28E-01,-19.2000008
,,,-2.27E-01,-40,,,,,-2.27E-01,-19.2000008
,,,-2.27E-01,-42,,,,,-2.27E-01,-20
,,,-2.27E-01,-44,,,,,-2.27E-01,-20
,,,-2.27E-01,-46,,,,,-2.27E-01,-20
,,,-2.27E-01,-48,,,,,-2.27E-01,-20
,,,-2.26E-01,-48,,,,,-2.26E-01,-20
,,,-2.26E-01,-50,,,,,-2.26E-01,-20
,,,-2.26E-01,-50,,,,,-2.26E-01,-20
,,,-2.26E-01,-50,,,,,-2.26E-01,-20
,,,-2.26E-01,-50,,,,,-2.26E-01,-20
,,,-2.25E-01,-50,,,,,-2.25E-01,-20
,,,-2.25E-01,-48,,,,,-2.25E-01,-20
,,,-2.25E-01,-48,,,,,-2.25E-01,-20
,,,-2.25E-01,-46,,,,,-2.25E-01,-19.2000008
,,,-2.25E-01,-44,,,,,-2.25E-01,-19.2000008
,,,-2.24E-01,-42,,,,,-2.24E-01,-19.2000008
,,,-2.24E-01,-42,,,,,-2.24E-01,-18.3999996
,,,-2.24E-01,-38,,,,,-2.24E-01,-18.3999996
,,,-2.24E-01,-36,,,,,-2.24E-01,-17.6000004
,,,-2.24E-01,-34,,,,,-2.24E-01,-17.6000004
,,,-2.23E-01,-32,,,,,-2.23E-01,-17.6000004
,,,-2.23E-01,-28,,,,,-2.23E-01,-16.8000011
,,,-2.23E-01,-26,,,,,-2.23E-01,-16
,,,-2.23E-01,-22,,,,,-2.23E-01,-16
,,,-2.23E-01,-20,,,,,-2.23E-01,-15.1999998
,,,-2.22E-01,-16,,,,,-2.22E-01,-14.4000006
,,,-2.22E-01,-12,,,,,-2.22E-01,-14.4000006
,,,-2.22E-01,-8,,,,,-2.22E-01,-13.6000004
,,,-2.22E-01,-6,,,,,-2.22E-01,-12.8000002
,,,-2.22E-01,-2,,,,,-2.22E-01,-12.8000002
,,,-2.21E-01,0,,,,,-2.21E-01,-12
,,,-2.21E-01,4,,,,,-2.21E-01,-11.1999998
,,,-2.21E-01,6,,,,,-2.21E-01,-10.4000006
,,,-2.21E-01,10,,,,,-2.21E-01,-8.800000191
,,,-2.21E-01,12,,,,,-2.21E-01,-7.20000029
,,,-2.20E-01,14,,,,,-2.20E-01,-6.4000001
,,,-2.20E-01,16,,,,,-2.20E-01,-4.80000019
,,,-2.20E-01,18,,,,,-2.20E-01,-2.4000001
,,,-2.20E-01,20,,,,,-2.20E-01,-8.00E-01
,,,-2.20E-01,22,,,,,-2.20E-01,8.00E-01
,,,-2.19E-01,24,,,,,-2.19E-01,3.20000005
,,,-2.19E-01,24,,,,,-2.19E-01,4.80000019
,,,-2.19E-01,26,,,,,-2.19E-01,7.20000029
,,,-2.19E-01,28,,,,,-2.19E-01,9.600000381
,,,-2.19E-01,30,,,,,-2.19E-01,11.1999998
,,,-2.18E-01,30,,,,,-2.18E-01,13.6000004
,,,-2.18E-01,30,,,,,-2.18E-01,16
,,,-2.18E-01,32,,,,,-2.18E-01,16.8000011
,,,-2.18E-01,34,,,,,-2.18E-01,19.2000008
,,,-2.18E-01,38,,,,,-2.18E-01,19.2000008
,,,-2.17E-01,40,,,,,-2.17E-01,19.2000008
,,,-2.17E-01,44,,,,,-2.17E-01,20
,,,-2.17E-01,46,,,,,-2.17E-01,20
,,,-2.17E-01,48,,,,,-2.17E-01,20
,,,-2.17E-01,50,,,,,-2.17E-01,20.80000114
,,,-2.16E-01,50,,,,,-2.16E-01,20
,,,-2.16E-01,50,,,,,-2.16E-01,20.80000114
,,,-2.16E-01,52,,,,,-2.16E-01,20.80000114
,,,-2.16E-01,52,,,,,-2.16E-01,20
,,,-2.16E-01,52,,,,,-2.16E-01,20
,,,-2.15E-01,50,,,,,-2.15E-01,20
,,,-2.15E-01,50,,,,,-2.15E-01,19.2000008
,,,-2.15E-01,50,,,,,-2.15E-01,20
,,,-2.15E-01,48,,,,,-2.15E-01,19.2000008
,,,-2.15E-01,46,,,,,-2.15E-01,19.2000008
,,,-2.14E-01,44,,,,,-2.14E-01,18.3999996
,,,-2.14E-01,42,,,,,-2.14E-01,18.3999996
,,,-2.14E-01,40,,,,,-2.14E-01,18.3999996
,,,-2.14E-01,36,,,,,-2.14E-01,17.6000004
,,,-2.14E-01,36,,,,,-2.14E-01,17.6000004
,,,-2.13E-01,32,,,,,-2.13E-01,16.8000011
,,,-2.13E-01,30,,,,,-2.13E-01,16.8000011
,,,-2.13E-01,26,,,,,-2.13E-01,16
,,,-2.13E-01,22,,,,,-2.13E-01,16
,,,-2.13E-01,20,,,,,-2.13E-01,15.1999998
,,,-2.12E-01,16,,,,,-2.12E-01,14.4000006
,,,-2.12E-01,14,,,,,-2.12E-01,14.4000006
,,,-2.12E-01,10,,,,,-2.12E-01,13.6000004
,,,-2.12E-01,6,,,,,-2.12E-01,12.8000002
,,,-2.12E-01,4,,,,,-2.12E-01,12.8000002
,,,-2.11E-01,0,,,,,-2.11E-01,11.1999998
,,,-2.11E-01,-2,,,,,-2.11E-01,11.1999998
,,,-2.11E-01,-6,,,,,-2.11E-01,10.4000006
,,,-2.11E-01,-8,,,,,-2.11E-01,8.800000191
,,,-2.11E-01,-10,,,,,-2.11E-01,8
,,,-2.10E-01,-12,,,,,-2.10E-01,6.4000001
,,,-2.10E-01,-14,,,,,-2.10E-01,4.80000019
,,,-2.10E-01,-18,,,,,-2.10E-01,3.20000005
,,,-2.10E-01,-20,,,,,-2.10E-01,8.00E-01
,,,-2.10E-01,-20,,,,,-2.10E-01,-8.00E-01
,,,-2.09E-01,-22,,,,,-2.09E-01,-2.4000001
,,,-2.09E-01,-24,,,,,-2.09E-01,-4.80000019
,,,-2.09E-01,-24,,,,,-2.09E-01,-7.20000029
,,,-2.09E-01,-26,,,,,-2.09E-01,-9.600000381
,,,-2.09E-01,-28,,,,,-2.09E-01,-11.1999998
,,,-2.08E-01,-28,,,,,-2.08E-01,-13.6000004
,,,-2.08E-01,-30,,,,,-2.08E-01,-15.1999998
,,,-2.08E-01,-32,,,,,-2.08E-01,-17.6000004
,,,-2.08E-01,-34,,,,,-2.08E-01,-18.3999996
,,,-2.08E-01,-36,,,,,-2.08E-01,-19.2000008
,,,-2.07E-01,-38,,,,,-2.07E-01,-20
,,,-2.07E-01,-42,,,,,-2.07E-01,-20
,,,-2.07E-01,-44,,,,,-2.07E-01,-20
,,,-2.07E-01,-44,,,,,-2.07E-01,-20
,,,-2.07E-01,-46,,,,,-2.07E-01,-20
,,,-2.06E-01,-48,,,,,-2.06E-01,-20
,,,-2.06E-01,-50,,,,,-2.06E-01,-20
,,,-2.06E-01,-50,,,,,-2.06E-01,-20
,,,-2.06E-01,-50,,,,,-2.06E-01,-20
,,,-2.06E-01,-50,,,,,-2.06E-01,-20
,,,-2.05E-01,-50,,,,,-2.05E-01,-20
,,,-2.05E-01,-48,,,,,-2.05E-01,-20
,,,-2.05E-01,-48,,,,,-2.05E-01,-20
,,,-2.05E-01,-48,,,,,-2.05E-01,-19.2000008
,,,-2.05E-01,-44,,,,,-2.05E-01,-19.2000008
,,,-2.04E-01,-42,,,,,-2.04E-01,-19.2000008
,,,-2.04E-01,-42,,,,,-2.04E-01,-18.3999996
,,,-2.04E-01,-40,,,,,-2.04E-01,-18.3999996
,,,-2.04E-01,-36,,,,,-2.04E-01,-17.6000004
,,,-2.04E-01,-34,,,,,-2.04E-01,-17.6000004
,,,-2.03E-01,-32,,,,,-2.03E-01,-16.8000011
,,,-2.03E-01,-28,,,,,-2.03E-01,-16.8000011
,,,-2.03E-01,-26,,,,,-2.03E-01,-16
,,,-2.03E-01,-22,,,,,-2.03E-01,-16
,,,-2.03E-01,-18,,,,,-2.03E-01,-15.1999998
,,,-2.02E-01,-16,,,,,-2.02E-01,-15.1999998
,,,-2.02E-01,-12,,,,,-2.02E-01,-14.4000006
,,,-2.02E-01,-8,,,,,-2.02E-01,-13.6000004
,,,-2.02E-01,-6,,,,,-2.02E-01,-13.6000004
,,,-2.02E-01,-2,,,,,-2.02E-01,-12.8000002
,,,-2.01E-01,2,,,,,-2.01E-01,-12
,,,-2.01E-01,4,,,,,-2.01E-01,-11.1999998
,,,-2.01E-01,6,,,,,-2.01E-01,-10.4000006
,,,-2.01E-01,10,,,,,-2.01E-01,-9.600000381
,,,-2.01E-01,12,,,,,-2.01E-01,-7.20000029
,,,-2.00E-01,14,,,,,-2.00E-01,-5.5999999
,,,-2.00E-01,16,,,,,-2.00E-01,-4
,,,-2.00E-01,18,,,,,-2.00E-01,-2.4000001
,,,-2.00E-01,20,,,,,-2.00E-01,-8.00E-01
,,,-2.00E-01,22,,,,,-2.00E-01,1.6
,,,-1.99E-01,24,,,,,-1.99E-01,3.20000005
,,,-1.99E-01,24,,,,,-1.99E-01,4.80000019
,,,-1.99E-01,26,,,,,-1.99E-01,7.20000029
,,,-1.99E-01,28,,,,,-1.99E-01,9.600000381
,,,-1.99E-01,28,,,,,-1.99E-01,11.1999998
,,,-1.98E-01,30,,,,,-1.98E-01,13.6000004
,,,-1.98E-01,30,,,,,-1.98E-01,15.1999998
,,,-1.98E-01,32,,,,,-1.98E-01,16.8000011
,,,-1.98E-01,34,,,,,-1.98E-01,18.3999996
,,,-1.98E-01,38,,,,,-1.98E-01,19.2000008
,,,-1.97E-01,40,,,,,-1.97E-01,20
,,,-1.97E-01,42,,,,,-1.97E-01,20
,,,-1.97E-01,46,,,,,-1.97E-01,20
,,,-1.97E-01,48,,,,,-1.97E-01,20
,,,-1.97E-01,50,,,,,-1.97E-01,20.80000114
,,,-1.96E-01,50,,,,,-1.96E-01,20.80000114
,,,-1.96E-01,50,,,,,-1.96E-01,20.80000114
,,,-1.96E-01,50,,,,,-1.96E-01,20
,,,-1.96E-01,52,,,,,-1.96E-01,20
,,,-1.96E-01,50,,,,,-1.96E-01,20
,,,-1.95E-01,50,,,,,-1.95E-01,20
,,,-1.95E-01,50,,,,,-1.95E-01,20
,,,-1.95E-01,50,,,,,-1.95E-01,20
,,,-1.95E-01,48,,,,,-1.95E-01,19.2000008
,,,-1.95E-01,46,,,,,-1.95E-01,19.2000008
,,,-1.94E-01,46,,,,,-1.94E-01,19.2000008
,,,-1.94E-01,42,,,,,-1.94E-01,18.3999996
,,,-1.94E-01,40,,,,,-1.94E-01,18.3999996
,,,-1.94E-01,38,,,,,-1.94E-01,18.3999996
,,,-1.94E-01,34,,,,,-1.94E-01,17.6000004
,,,-1.93E-01,32,,,,,-1.93E-01,16.8000011
,,,-1.93E-01,28,,,,,-1.93E-01,16.8000011
,,,-1.93E-01,26,,,,,-1.93E-01,16
,,,-1.93E-01,24,,,,,-1.93E-01,16
,,,-1.93E-01,20,,,,,-1.93E-01,15.1999998
,,,-1.92E-01,16,,,,,-1.92E-01,15.1999998
,,,-1.92E-01,14,,,,,-1.92E-01,14.4000006
,,,-1.92E-01,10,,,,,-1.92E-01,13.6000004
,,,-1.92E-01,8,,,,,-1.92E-01,13.6000004
,,,-1.92E-01,4,,,,,-1.92E-01,12.8000002
,,,-1.91E-01,0,,,,,-1.91E-01,12
,,,-1.91E-01,-2,,,,,-1.91E-01,11.1999998
,,,-1.91E-01,-6,,,,,-1.91E-01,10.4000006
,,,-1.91E-01,-8,,,,,-1.91E-01,8.800000191
,,,-1.91E-01,-12,,,,,-1.91E-01,8
,,,-1.90E-01,-14,,,,,-1.90E-01,5.5999999
,,,-1.90E-01,-14,,,,,-1.90E-01,4
,,,-1.90E-01,-18,,,,,-1.90E-01,3.20000005
,,,-1.90E-01,-20,,,,,-1.90E-01,1.6
,,,-1.90E-01,-20,,,,,-1.90E-01,-8.00E-01
,,,-1.89E-01,-22,,,,,-1.89E-01,-3.20000005
,,,-1.89E-01,-24,,,,,-1.89E-01,-5.5999999
,,,-1.89E-01,-24,,,,,-1.89E-01,-7.20000029
,,,-1.89E-01,-26,,,,,-1.89E-01,-8.800000191
,,,-1.89E-01,-26,,,,,-1.89E-01,-12
,,,-1.88E-01,-28,,,,,-1.88E-01,-12.8000002
,,,-1.88E-01,-30,,,,,-1.88E-01,-15.1999998
,,,-1.88E-01,-32,,,,,-1.88E-01,-17.6000004
,,,-1.88E-01,-34,,,,,-1.88E-01,-18.3999996
,,,-1.88E-01,-38,,,,,-1.88E-01,-19.2000008
,,,-1.87E-01,-40,,,,,-1.87E-01,-20
,,,-1.87E-01,-42,,,,,-1.87E-01,-20
,,,-1.87E-01,-44,,,,,-1.87E-01,-20.80000114
,,,-1.87E-01,-46,,,,,-1.87E-01,-20
,,,-1.87E-01,-46,,,,,-1.87E-01,-20
,,,-1.86E-01,-48,,,,,-1.86E-01,-20.80000114
,,,-1.86E-01,-48,,,,,-1.86E-01,-20
,,,-1.86E-01,-50,,,,,-1.86E-01,-20
,,,-1.86E-01,-50,,,,,-1.86E-01,-20
,,,-1.86E-01,-50,,,,,-1.86E-01,-20
,,,-1.85E-01,-48,,,,,-1.85E-01,-20
,,,-1.85E-01,-50,,,,,-1.85E-01,-19.2000008
,,,-1.85E-01,-48,,,,,-1.85E-01,-19.2000008
,,,-1.85E-01,-46,,,,,-1.85E-01,-19.2000008
,,,-1.85E-01,-44,,,,,-1.85E-01,-18.3999996
,,,-1.84E-01,-44,,,,,-1.84E-01,-18.3999996
,,,-1.84E-01,-42,,,,,-1.84E-01,-18.3999996
,,,-1.84E-01,-38,,,,,-1.84E-01,-18.3999996
,,,-1.84E-01,-36,,,,,-1.84E-01,-18.3999996
,,,-1.84E-01,-34,,,,,-1.84E-01,-17.6000004
,,,-1.83E-01,-32,,,,,-1.83E-01,-16.8000011
,,,-1.83E-01,-28,,,,,-1.83E-01,-16.8000011
,,,-1.83E-01,-26,,,,,-1.83E-01,-16
,,,-1.83E-01,-22,,,,,-1.83E-01,-15.1999998
,,,-1.83E-01,-20,,,,,-1.83E-01,-15.1999998
,,,-1.82E-01,-16,,,,,-1.82E-01,-15.1999998
,,,-1.82E-01,-12,,,,,-1.82E-01,-14.4000006
,,,-1.82E-01,-8,,,,,-1.82E-01,-13.6000004
,,,-1.82E-01,-6,,,,,-1.82E-01,-13.6000004
,,,-1.82E-01,-2,,,,,-1.82E-01,-12.8000002
,,,-1.81E-01,2,,,,,-1.81E-01,-12
,,,-1.81E-01,4,,,,,-1.81E-01,-11.1999998
,,,-1.81E-01,8,,,,,-1.81E-01,-10.4000006
,,,-1.81E-01,10,,,,,-1.81E-01,-8.800000191
,,,-1.81E-01,12,,,,,-1.81E-01,-7.20000029
,,,-1.80E-01,14,,,,,-1.80E-01,-5.5999999
,,,-1.80E-01,16,,,,,-1.80E-01,-4.80000019
,,,-1.80E-01,18,,,,,-1.80E-01,-2.4000001
,,,-1.80E-01,20,,,,,-1.80E-01,-8.00E-01
,,,-1.80E-01,22,,,,,-1.80E-01,8.00E-01
,,,-1.79E-01,22,,,,,-1.79E-01,3.20000005
,,,-1.79E-01,24,,,,,-1.79E-01,4.80000019
,,,-1.79E-01,26,,,,,-1.79E-01,7.20000029
,,,-1.79E-01,28,,,,,-1.79E-01,9.600000381
,,,-1.79E-01,28,,,,,-1.79E-01,11.1999998
,,,-1.78E-01,30,,,,,-1.78E-01,13.6000004
,,,-1.78E-01,30,,,,,-1.78E-01,15.1999998
,,,-1.78E-01,32,,,,,-1.78E-01,16.8000011
,,,-1.78E-01,34,,,,,-1.78E-01,18.3999996
,,,-1.78E-01,38,,,,,-1.78E-01,19.2000008
,,,-1.77E-01,40,,,,,-1.77E-01,19.2000008
,,,-1.77E-01,42,,,,,-1.77E-01,20
,,,-1.77E-01,46,,,,,-1.77E-01,20.80000114
,,,-1.77E-01,48,,,,,-1.77E-01,20.80000114
,,,-1.77E-01,50,,,,,-1.77E-01,20
,,,-1.76E-01,50,,,,,-1.76E-01,20.80000114
,,,-1.76E-01,50,,,,,-1.76E-01,20.80000114
,,,-1.76E-01,52,,,,,-1.76E-01,20.80000114
,,,-1.76E-01,50,,,,,-1.76E-01,20
,,,-1.76E-01,50,,,,,-1.76E-01,20
,,,-1.75E-01,50,,,,,-1.75E-01,20
,,,-1.75E-01,50,,,,,-1.75E-01,20
,,,-1.75E-01,48,,,,,-1.75E-01,20
,,,-1.75E-01,48,,,,,-1.75E-01,19.2000008
,,,-1.75E-01,46,,,,,-1.75E-01,19.2000008
,,,-1.74E-01,44,,,,,-1.74E-01,19.2000008
,,,-1.74E-01,42,,,,,-1.74E-01,18.3999996
,,,-1.74E-01,40,,,,,-1.74E-01,18.3999996
,,,-1.74E-01,38,,,,,-1.74E-01,17.6000004
,,,-1.74E-01,34,,,,,-1.74E-01,17.6000004
,,,-1.73E-01,32,,,,,-1.73E-01,17.6000004
,,,-1.73E-01,30,,,,,-1.73E-01,16.8000011
,,,-1.73E-01,26,,,,,-1.73E-01,16
,,,-1.73E-01,22,,,,,-1.73E-01,16
,,,-1.73E-01,20,,,,,-1.73E-01,15.1999998
,,,-1.72E-01,16,,,,,-1.72E-01,14.4000006
,,,-1.72E-01,14,,,,,-1.72E-01,14.4000006
,,,-1.72E-01,10,,,,,-1.72E-01,13.6000004
,,,-1.72E-01,6,,,,,-1.72E-01,12.8000002
,,,-1.72E-01,4,,,,,-1.72E-01,12.8000002
,,,-1.71E-01,0,,,,,-1.71E-01,12
,,,-1.71E-01,-2,,,,,-1.71E-01,11.1999998
,,,-1.71E-01,-6,,,,,-1.71E-01,10.4000006
,,,-1.71E-01,-8,,,,,-1.71E-01,8.800000191
,,,-1.71E-01,-10,,,,,-1.71E-01,8
,,,-1.70E-01,-12,,,,,-1.70E-01,6.4000001
,,,-1.70E-01,-16,,,,,-1.70E-01,4
,,,-1.70E-01,-18,,,,,-1.70E-01,3.20000005
,,,-1.70E-01,-20,,,,,-1.70E-01,1.6
,,,-1.70E-01,-20,,,,,-1.70E-01,-8.00E-01
,,,-1.69E-01,-24,,,,,-1.69E-01,-2.4000001
,,,-1.69E-01,-24,,,,,-1.69E-01,-4.80000019
,,,-1.69E-01,-26,,,,,-1.69E-01,-7.20000029
,,,-1.69E-01,-26,,,,,-1.69E-01,-9.600000381
,,,-1.69E-01,-26,,,,,-1.69E-01,-11.1999998
,,,-1.68E-01,-28,,,,,-1.68E-01,-13.6000004
,,,-1.68E-01,-30,,,,,-1.68E-01,-15.1999998
,,,-1.68E-01,-32,,,,,-1.68E-01,-16.8000011
,,,-1.68E-01,-34,,,,,-1.68E-01,-18.3999996
,,,-1.68E-01,-36,,,,,-1.68E-01,-19.2000008
,,,-1.67E-01,-40,,,,,-1.67E-01,-20
,,,-1.67E-01,-42,,,,,-1.67E-01,-20
,,,-1.67E-01,-44,,,,,-1.67E-01,-20
,,,-1.67E-01,-46,,,,,-1.67E-01,-20
,,,-1.67E-01,-46,,,,,-1.67E-01,-20
,,,-1.66E-01,-48,,,,,-1.66E-01,-20
,,,-1.66E-01,-50,,,,,-1.66E-01,-20
,,,-1.66E-01,-50,,,,,-1.66E-01,-20
,,,-1.66E-01,-50,,,,,-1.66E-01,-20
,,,-1.66E-01,-50,,,,,-1.66E-01,-20
,,,-1.65E-01,-50,,,,,-1.65E-01,-19.2000008
,,,-1.65E-01,-48,,,,,-1.65E-01,-20
,,,-1.65E-01,-48,,,,,-1.65E-01,-20
,,,-1.65E-01,-46,,,,,-1.65E-01,-19.2000008
,,,-1.65E-01,-44,,,,,-1.65E-01,-19.2000008
,,,-1.64E-01,-42,,,,,-1.64E-01,-19.2000008
,,,-1.64E-01,-42,,,,,-1.64E-01,-18.3999996
,,,-1.64E-01,-38,,,,,-1.64E-01,-18.3999996
,,,-1.64E-01,-36,,,,,-1.64E-01,-17.6000004
,,,-1.64E-01,-34,,,,,-1.64E-01,-17.6000004
,,,-1.63E-01,-32,,,,,-1.63E-01,-17.6000004
,,,-1.63E-01,-28,,,,,-1.63E-01,-16.8000011
,,,-1.63E-01,-26,,,,,-1.63E-01,-16
,,,-1.63E-01,-22,,,,,-1.63E-01,-16
,,,-1.63E-01,-20,,,,,-1.63E-01,-16
,,,-1.62E-01,-16,,,,,-1.62E-01,-14.4000006
,,,-1.62E-01,-12,,,,,-1.62E-01,-14.4000006
,,,-1.62E-01,-8,,,,,-1.62E-01,-13.6000004
,,,-1.62E-01,-6,,,,,-1.62E-01,-13.6000004
,,,-1.62E-01,-2,,,,,-1.62E-01,-12.8000002
,,,-1.61E-01,2,,,,,-1.61E-01,-12
,,,-1.61E-01,4,,,,,-1.61E-01,-11.1999998
,,,-1.61E-01,6,,,,,-1.61E-01,-10.4000006
,,,-1.61E-01,10,,,,,-1.61E-01,-8.800000191
,,,-1.61E-01,12,,,,,-1.61E-01,-7.20000029
,,,-1.60E-01,14,,,,,-1.60E-01,-5.5999999
,,,-1.60E-01,16,,,,,-1.60E-01,-4.80000019
,,,-1.60E-01,18,,,,,-1.60E-01,-2.4000001
,,,-1.60E-01,20,,,,,-1.60E-01,-8.00E-01
,,,-1.60E-01,22,,,,,-1.60E-01,8.00E-01
,,,-1.59E-01,22,,,,,-1.59E-01,3.20000005
,,,-1.59E-01,26,,,,,-1.59E-01,4.80000019
,,,-1.59E-01,26,,,,,-1.59E-01,7.20000029
,,,-1.59E-01,26,,,,,-1.59E-01,9.600000381
,,,-1.59E-01,28,,,,,-1.59E-01,11.1999998
,,,-1.58E-01,30,,,,,-1.58E-01,13.6000004
,,,-1.58E-01,30,,,,,-1.58E-01,15.1999998
,,,-1.58E-01,32,,,,,-1.58E-01,16.8000011
,,,-1.58E-01,34,,,,,-1.58E-01,18.3999996
,,,-1.58E-01,38,,,,,-1.58E-01,19.2000008
,,,-1.57E-01,40,,,,,-1.57E-01,20
,,,-1.57E-01,44,,,,,-1.57E-01,20
,,,-1.57E-01,46,,,,,-1.57E-01,20
,,,-1.57E-01,48,,,,,-1.57E-01,20.80000114
,,,-1.57E-01,50,,,,,-1.57E-01,20.80000114
,,,-1.56E-01,50,,,,,-1.56E-01,20.80000114
,,,-1.56E-01,50,,,,,-1.56E-01,20
,,,-1.56E-01,50,,,,,-1.56E-01,20.80000114
,,,-1.56E-01,50,,,,,-1.56E-01,20.80000114
,,,-1.56E-01,50,,,,,-1.56E-01,20
,,,-1.55E-01,50,,,,,-1.55E-01,20
,,,-1.55E-01,50,,,,,-1.55E-01,20
,,,-1.55E-01,50,,,,,-1.55E-01,20
,,,-1.55E-01,48,,,,,-1.55E-01,20
,,,-1.55E-01,46,,,,,-1.55E-01,19.2000008
,,,-1.54E-01,44,,,,,-1.54E-01,19.2000008
,,,-1.54E-01,42,,,,,-1.54E-01,18.3999996
,,,-1.54E-01,40,,,,,-1.54E-01,17.6000004
,,,-1.54E-01,36,,,,,-1.54E-01,17.6000004
,,,-1.54E-01,34,,,,,-1.54E-01,17.6000004
,,,-1.53E-01,32,,,,,-1.53E-01,16.8000011
,,,-1.53E-01,30,,,,,-1.53E-01,16.8000011
,,,-1.53E-01,26,,,,,-1.53E-01,16
,,,-1.53E-01,22,,,,,-1.53E-01,16
,,,-1.53E-01,20,,,,,-1.53E-01,15.1999998
,,,-1.52E-01,16,,,,,-1.52E-01,14.4000006
,,,-1.52E-01,12,,,,,-1.52E-01,14.4000006
,,,-1.52E-01,10,,,,,-1.52E-01,13.6000004
,,,-1.52E-01,6,,,,,-1.52E-01,12.8000002
,,,-1.52E-01,4,,,,,-1.52E-01,12.8000002
,,,-1.51E-01,0,,,,,-1.51E-01,12
,,,-1.51E-01,-2,,,,,-1.51E-01,11.1999998
,,,-1.51E-01,-6,,,,,-1.51E-01,10.4000006
,,,-1.51E-01,-8,,,,,-1.51E-01,8.800000191
,,,-1.51E-01,-10,,,,,-1.51E-01,8
,,,-1.50E-01,-12,,,,,-1.50E-01,6.4000001
,,,-1.50E-01,-14,,,,,-1.50E-01,4.80000019
,,,-1.50E-01,-18,,,,,-1.50E-01,3.20000005
,,,-1.50E-01,-20,,,,,-1.50E-01,1.6
,,,-1.50E-01,-22,,,,,-1.50E-01,-8.00E-01
,,,-1.49E-01,-22,,,,,-1.49E-01,-2.4000001
,,,-1.49E-01,-24,,,,,-1.49E-01,-4.80000019
,,,-1.49E-01,-26,,,,,-1.49E-01,-6.4000001
,,,-1.49E-01,-26,,,,,-1.49E-01,-8.800000191
,,,-1.49E-01,-28,,,,,-1.49E-01,-12
,,,-1.48E-01,-28,,,,,-1.48E-01,-13.6000004
,,,-1.48E-01,-30,,,,,-1.48E-01,-15.1999998
,,,-1.48E-01,-32,,,,,-1.48E-01,-17.6000004
,,,-1.48E-01,-34,,,,,-1.48E-01,-18.3999996
,,,-1.48E-01,-36,,,,,-1.48E-01,-19.2000008
,,,-1.47E-01,-38,,,,,-1.47E-01,-19.2000008
,,,-1.47E-01,-42,,,,,-1.47E-01,-20
,,,-1.47E-01,-44,,,,,-1.47E-01,-20.80000114
,,,-1.47E-01,-46,,,,,-1.47E-01,-20
,,,-1.47E-01,-46,,,,,-1.47E-01,-20
,,,-1.46E-01,-48,,,,,-1.46E-01,-20
,,,-1.46E-01,-50,,,,,-1.46E-01,-20
,,,-1.46E-01,-50,,,,,-1.46E-01,-20
,,,-1.46E-01,-50,,,,,-1.46E-01,-20
,,,-1.46E-01,-50,,,,,-1.46E-01,-20
,,,-1.45E-01,-50,,,,,-1.45E-01,-20
,,,-1.45E-01,-48,,,,,-1.45E-01,-20
,,,-1.45E-01,-48,,,,,-1.45E-01,-19.2000008
,,,-1.45E-01,-46,,,,,-1.45E-01,-19.2000008
,,,-1.45E-01,-44,,,,,-1.45E-01,-19.2000008
,,,-1.44E-01,-44,,,,,-1.44E-01,-19.2000008
,,,-1.44E-01,-42,,,,,-1.44E-01,-18.3999996
,,,-1.44E-01,-40,,,,,-1.44E-01,-18.3999996
,,,-1.44E-01,-36,,,,,-1.44E-01,-17.6000004
,,,-1.44E-01,-34,,,,,-1.44E-01,-17.6000004
,,,-1.43E-01,-32,,,,,-1.43E-01,-16.8000011
,,,-1.43E-01,-28,,,,,-1.43E-01,-16.8000011
,,,-1.43E-01,-26,,,,,-1.43E-01,-16
,,,-1.43E-01,-22,,,,,-1.43E-01,-16
,,,-1.43E-01,-18,,,,,-1.43E-01,-15.1999998
,,,-1.42E-01,-16,,,,,-1.42E-01,-14.4000006
,,,-1.42E-01,-12,,,,,-1.42E-01,-13.6000004
,,,-1.42E-01,-10,,,,,-1.42E-01,-13.6000004
,,,-1.42E-01,-6,,,,,-1.42E-01,-12.8000002
,,,-1.42E-01,-2,,,,,-1.42E-01,-12.8000002
,,,-1.41E-01,0,,,,,-1.41E-01,-12
,,,-1.41E-01,4,,,,,-1.41E-01,-11.1999998
,,,-1.41E-01,6,,,,,-1.41E-01,-10.4000006
,,,-1.41E-01,10,,,,,-1.41E-01,-8.800000191
,,,-1.41E-01,12,,,,,-1.41E-01,-7.20000029
,,,-1.40E-01,14,,,,,-1.40E-01,-6.4000001
,,,-1.40E-01,16,,,,,-1.40E-01,-4.80000019
,,,-1.40E-01,18,,,,,-1.40E-01,-2.4000001
,,,-1.40E-01,20,,,,,-1.40E-01,-8.00E-01
,,,-1.40E-01,22,,,,,-1.40E-01,1.6
,,,-1.39E-01,22,,,,,-1.39E-01,3.20000005
,,,-1.39E-01,24,,,,,-1.39E-01,4.80000019
,,,-1.39E-01,26,,,,,-1.39E-01,7.20000029
,,,-1.39E-01,26,,,,,-1.39E-01,9.600000381
,,,-1.39E-01,28,,,,,-1.39E-01,12
,,,-1.38E-01,30,,,,,-1.38E-01,13.6000004
,,,-1.38E-01,30,,,,,-1.38E-01,16
,,,-1.38E-01,32,,,,,-1.38E-01,16.8000011
,,,-1.38E-01,34,,,,,-1.38E-01,18.3999996
,,,-1.38E-01,38,,,,,-1.38E-01,19.2000008
,,,-1.37E-01,40,,,,,-1.37E-01,20
,,,-1.37E-01,44,,,,,-1.37E-01,20
,,,-1.37E-01,46,,,,,-1.37E-01,20
,,,-1.37E-01,48,,,,,-1.37E-01,20
,,,-1.37E-01,50,,,,,-1.37E-01,20.80000114
,,,-1.36E-01,50,,,,,-1.36E-01,20.80000114
,,,-1.36E-01,50,,,,,-1.36E-01,20
,,,-1.36E-01,52,,,,,-1.36E-01,20.80000114
,,,-1.36E-01,50,,,,,-1.36E-01,20.80000114
,,,-1.36E-01,50,,,,,-1.36E-01,20
,,,-1.35E-01,50,,,,,-1.35E-01,20
,,,-1.35E-01,50,,,,,-1.35E-01,20
,,,-1.35E-01,50,,,,,-1.35E-01,20
,,,-1.35E-01,48,,,,,-1.35E-01,19.2000008
,,,-1.35E-01,46,,,,,-1.35E-01,19.2000008
,,,-1.34E-01,44,,,,,-1.34E-01,19.2000008
,,,-1.34E-01,42,,,,,-1.34E-01,18.3999996
,,,-1.34E-01,40,,,,,-1.34E-01,18.3999996
,,,-1.34E-01,38,,,,,-1.34E-01,17.6000004
,,,-1.34E-01,34,,,,,-1.34E-01,17.6000004
,,,-1.33E-01,32,,,,,-1.33E-01,16.8000011
,,,-1.33E-01,30,,,,,-1.33E-01,16.8000011
,,,-1.33E-01,28,,,,,-1.33E-01,16
,,,-1.33E-01,24,,,,,-1.33E-01,16
,,,-1.33E-01,20,,,,,-1.33E-01,15.1999998
,,,-1.32E-01,16,,,,,-1.32E-01,15.1999998
,,,-1.32E-01,14,,,,,-1.32E-01,14.4000006
,,,-1.32E-01,10,,,,,-1.32E-01,13.6000004
,,,-1.32E-01,6,,,,,-1.32E-01,12.8000002
,,,-1.32E-01,4,,,,,-1.32E-01,12.8000002
,,,-1.31E-01,2,,,,,-1.31E-01,12
,,,-1.31E-01,-4,,,,,-1.31E-01,11.1999998
,,,-1.31E-01,-4,,,,,-1.31E-01,10.4000006
,,,-1.31E-01,-8,,,,,-1.31E-01,8.800000191
,,,-1.31E-01,-10,,,,,-1.31E-01,8
,,,-1.30E-01,-12,,,,,-1.30E-01,6.4000001
,,,-1.30E-01,-14,,,,,-1.30E-01,4.80000019
,,,-1.30E-01,-18,,,,,-1.30E-01,2.4000001
,,,-1.30E-01,-18,,,,,-1.30E-01,8.00E-01
,,,-1.30E-01,-20,,,,,-1.30E-01,-8.00E-01
,,,-1.29E-01,-22,,,,,-1.29E-01,-3.20000005
,,,-1.29E-01,-24,,,,,-1.29E-01,-4.80000019
,,,-1.29E-01,-26,,,,,-1.29E-01,-7.20000029
,,,-1.29E-01,-26,,,,,-1.29E-01,-8.800000191
,,,-1.29E-01,-28,,,,,-1.29E-01,-11.1999998
,,,-1.28E-01,-28,,,,,-1.28E-01,-13.6000004
,,,-1.28E-01,-30,,,,,-1.28E-01,-15.1999998
,,,-1.28E-01,-32,,,,,-1.28E-01,-16.8000011
,,,-1.28E-01,-34,,,,,-1.28E-01,-18.3999996
,,,-1.28E-01,-36,,,,,-1.28E-01,-19.2000008
,,,-1.27E-01,-40,,,,,-1.27E-01,-19.2000008
,,,-1.27E-01,-42,,,,,-1.27E-01,-20
,,,-1.27E-01,-44,,,,,-1.27E-01,-20
,,,-1.27E-01,-46,,,,,-1.27E-01,-20
,,,-1.27E-01,-46,,,,,-1.27E-01,-20
,,,-1.26E-01,-48,,,,,-1.26E-01,-20
,,,-1.26E-01,-50,,,,,-1.26E-01,-20
,,,-1.26E-01,-50,,,,,-1.26E-01,-20
,,,-1.26E-01,-50,,,,,-1.26E-01,-20
,,,-1.26E-01,-50,,,,,-1.26E-01,-20
,,,-1.25E-01,-48,,,,,-1.25E-01,-20
,,,-1.25E-01,-48,,,,,-1.25E-01,-20
,,,-1.25E-01,-48,,,,,-1.25E-01,-19.2000008
,,,-1.25E-01,-46,,,,,-1.25E-01,-19.2000008
,,,-1.25E-01,-44,,,,,-1.25E-01,-19.2000008
,,,-1.24E-01,-42,,,,,-1.24E-01,-18.3999996
,,,-1.24E-01,-42,,,,,-1.24E-01,-18.3999996
,,,-1.24E-01,-38,,,,,-1.24E-01,-18.3999996
,,,-1.24E-01,-36,,,,,-1.24E-01,-17.6000004
,,,-1.24E-01,-34,,,,,-1.24E-01,-17.6000004
,,,-1.23E-01,-32,,,,,-1.23E-01,-16.8000011
,,,-1.23E-01,-28,,,,,-1.23E-01,-16.8000011
,,,-1.23E-01,-26,,,,,-1.23E-01,-16
,,,-1.23E-01,-22,,,,,-1.23E-01,-16
,,,-1.23E-01,-18,,,,,-1.23E-01,-15.1999998
,,,-1.22E-01,-16,,,,,-1.22E-01,-15.1999998
,,,-1.22E-01,-12,,,,,-1.22E-01,-14.4000006
,,,-1.22E-01,-8,,,,,-1.22E-01,-13.6000004
,,,-1.22E-01,-6,,,,,-1.22E-01,-12.8000002
,,,-1.22E-01,-2,,,,,-1.22E-01,-12.8000002
,,,-1.21E-01,2,,,,,-1.21E-01,-12
,,,-1.21E-01,4,,,,,-1.21E-01,-11.1999998
,,,-1.21E-01,6,,,,,-1.21E-01,-9.600000381
,,,-1.21E-01,8,,,,,-1.21E-01,-8.800000191
,,,-1.21E-01,12,,,,,-1.21E-01,-8
,,,-1.20E-01,14,,,,,-1.20E-01,-5.5999999
,,,-1.20E-01,16,,,,,-1.20E-01,-4
,,,-1.20E-01,18,,,,,-1.20E-01,-2.4000001
,,,-1.20E-01,20,,,,,-1.20E-01,-8.00E-01
,,,-1.20E-01,22,,,,,-1.20E-01,8.00E-01
,,,-1.19E-01,24,,,,,-1.19E-01,3.20000005
,,,-1.19E-01,24,,,,,-1.19E-01,5.5999999
,,,-1.19E-01,26,,,,,-1.19E-01,7.20000029
,,,-1.19E-01,26,,,,,-1.19E-01,9.600000381
,,,-1.19E-01,28,,,,,-1.19E-01,11.1999998
,,,-1.18E-01,30,,,,,-1.18E-01,13.6000004
,,,-1.18E-01,30,,,,,-1.18E-01,15.1999998
,,,-1.18E-01,32,,,,,-1.18E-01,16.8000011
,,,-1.18E-01,34,,,,,-1.18E-01,18.3999996
,,,-1.18E-01,38,,,,,-1.18E-01,19.2000008
,,,-1.17E-01,40,,,,,-1.17E-01,20
,,,-1.17E-01,44,,,,,-1.17E-01,20
,,,-1.17E-01,46,,,,,-1.17E-01,20
,,,-1.17E-01,48,,,,,-1.17E-01,20.80000114
,,,-1.17E-01,50,,,,,-1.17E-01,20.80000114
,,,-1.16E-01,50,,,,,-1.16E-01,20.80000114
,,,-1.16E-01,50,,,,,-1.16E-01,20
,,,-1.16E-01,50,,,,,-1.16E-01,20.80000114
,,,-1.16E-01,50,,,,,-1.16E-01,20
,,,-1.16E-01,50,,,,,-1.16E-01,20
,,,-1.15E-01,50,,,,,-1.15E-01,20
,,,-1.15E-01,50,,,,,-1.15E-01,20
,,,-1.15E-01,50,,,,,-1.15E-01,20
,,,-1.15E-01,48,,,,,-1.15E-01,19.2000008
,,,-1.15E-01,46,,,,,-1.15E-01,18.3999996
,,,-1.14E-01,44,,,,,-1.14E-01,19.2000008
,,,-1.14E-01,42,,,,,-1.14E-01,18.3999996
,,,-1.14E-01,40,,,,,-1.14E-01,18.3999996
,,,-1.14E-01,38,,,,,-1.14E-01,17.6000004
,,,-1.14E-01,34,,,,,-1.14E-01,17.6000004
,,,-1.13E-01,32,,,,,-1.13E-01,17.6000004
,,,-1.13E-01,30,,,,,-1.13E-01,16.8000011
,,,-1.13E-01,26,,,,,-1.13E-01,16
,,,-1.13E-01,22,,,,,-1.13E-01,16
,,,-1.13E-01,20,,,,,-1.13E-01,16
,,,-1.12E-01,16,,,,,-1.12E-01,15.1999998
,,,-1.12E-01,12,,,,,-1.12E-01,14.4000006
,,,-1.12E-01,10,,,,,-1.12E-01,13.6000004
,,,-1.12E-01,8,,,,,-1.12E-01,13.6000004
,,,-1.12E-01,4,,,,,-1.12E-01,12.8000002
,,,-1.11E-01,0,,,,,-1.11E-01,11.1999998
,,,-1.11E-01,-2,,,,,-1.11E-01,11.1999998
,,,-1.11E-01,-6,,,,,-1.11E-01,10.4000006
,,,-1.11E-01,-8,,,,,-1.11E-01,8.800000191
,,,-1.11E-01,-12,,,,,-1.11E-01,8
,,,-1.10E-01,-14,,,,,-1.10E-01,6.4000001
,,,-1.10E-01,-14,,,,,-1.10E-01,4.80000019
,,,-1.10E-01,-18,,,,,-1.10E-01,3.20000005
,,,-1.10E-01,-20,,,,,-1.10E-01,8.00E-01
,,,-1.10E-01,-20,,,,,-1.10E-01,-8.00E-01
,,,-1.09E-01,-22,,,,,-1.09E-01,-3.20000005
,,,-1.09E-01,-24,,,,,-1.09E-01,-4.80000019
,,,-1.09E-01,-24,,,,,-1.09E-01,-7.20000029
,,,-1.09E-01,-26,,,,,-1.09E-01,-9.600000381
,,,-1.09E-01,-26,,,,,-1.09E-01,-11.1999998
,,,-1.08E-01,-28,,,,,-1.08E-01,-13.6000004
,,,-1.08E-01,-30,,,,,-1.08E-01,-16
,,,-1.08E-01,-32,,,,,-1.08E-01,-16.8000011
,,,-1.08E-01,-34,,,,,-1.08E-01,-18.3999996
,,,-1.08E-01,-38,,,,,-1.08E-01,-19.2000008
,,,-1.07E-01,-40,,,,,-1.07E-01,-20
,,,-1.07E-01,-42,,,,,-1.07E-01,-20
,,,-1.07E-01,-44,,,,,-1.07E-01,-20
,,,-1.07E-01,-46,,,,,-1.07E-01,-20
,,,-1.07E-01,-48,,,,,-1.07E-01,-20
,,,-1.06E-01,-48,,,,,-1.06E-01,-20
,,,-1.06E-01,-50,,,,,-1.06E-01,-20
,,,-1.06E-01,-50,,,,,-1.06E-01,-20
,,,-1.06E-01,-50,,,,,-1.06E-01,-20
,,,-1.06E-01,-50,,,,,-1.06E-01,-20
,,,-1.05E-01,-50,,,,,-1.05E-01,-20
,,,-1.05E-01,-48,,,,,-1.05E-01,-19.2000008
,,,-1.05E-01,-48,,,,,-1.05E-01,-19.2000008
,,,-1.05E-01,-46,,,,,-1.05E-01,-19.2000008
,,,-1.05E-01,-44,,,,,-1.05E-01,-19.2000008
,,,-1.04E-01,-42,,,,,-1.04E-01,-18.3999996
,,,-1.04E-01,-42,,,,,-1.04E-01,-18.3999996
,,,-1.04E-01,-40,,,,,-1.04E-01,-18.3999996
,,,-1.04E-01,-36,,,,,-1.04E-01,-18.3999996
,,,-1.04E-01,-34,,,,,-1.04E-01,-17.6000004
,,,-1.03E-01,-30,,,,,-1.03E-01,-16.8000011
,,,-1.03E-01,-28,,,,,-1.03E-01,-16.8000011
,,,-1.03E-01,-26,,,,,-1.03E-01,-16
,,,-1.03E-01,-22,,,,,-1.03E-01,-16
,,,-1.03E-01,-20,,,,,-1.03E-01,-15.1999998
,,,-1.02E-01,-16,,,,,-1.02E-01,-15.1999998
,,,-1.02E-01,-12,,,,,-1.02E-01,-14.4000006
,,,-1.02E-01,-10,,,,,-1.02E-01,-13.6000004
,,,-1.02E-01,-6,,,,,-1.02E-01,-13.6000004
,,,-1.02E-01,-2,,,,,-1.02E-01,-12.8000002
,,,-1.01E-01,2,,,,,-1.01E-01,-12
,,,-1.01E-01,4,,,,,-1.01E-01,-11.1999998
,,,-1.01E-01,6,,,,,-1.01E-01,-10.4000006
,,,-1.01E-01,10,,,,,-1.01E-01,-9.600000381
,,,-1.01E-01,12,,,,,-1.01E-01,-7.20000029
,,,-1.00E-01,14,,,,,-1.00E-01,-6.4000001
,,,-1.00E-01,16,,,,,-1.00E-01,-4.80000019
,,,-1.00E-01,18,,,,,-1.00E-01,-2.4000001
,,,-9.98E-02,20,,,,,-9.98E-02,-8.00E-01
,,,-9.96E-02,22,,,,,-9.96E-02,1.6
,,,-9.94E-02,24,,,,,-9.94E-02,3.20000005
,,,-9.92E-02,24,,,,,-9.92E-02,5.5999999
,,,-9.90E-02,26,,,,,-9.90E-02,7.20000029
,,,-9.88E-02,28,,,,,-9.88E-02,9.600000381
,,,-9.86E-02,28,,,,,-9.86E-02,11.1999998
,,,-9.84E-02,30,,,,,-9.84E-02,13.6000004
,,,-9.82E-02,30,,,,,-9.82E-02,15.1999998
,,,-9.80E-02,32,,,,,-9.80E-02,16.8000011
,,,-9.78E-02,34,,,,,-9.78E-02,18.3999996
,,,-9.76E-02,38,,,,,-9.76E-02,19.2000008
,,,-9.74E-02,40,,,,,-9.74E-02,19.2000008
,,,-9.72E-02,42,,,,,-9.72E-02,20
,,,-9.70E-02,46,,,,,-9.70E-02,20
,,,-9.68E-02,48,,,,,-9.68E-02,20.80000114
,,,-9.66E-02,50,,,,,-9.66E-02,20.80000114
,,,-9.64E-02,50,,,,,-9.64E-02,20.80000114
,,,-9.62E-02,50,,,,,-9.62E-02,20.80000114
,,,-9.60E-02,50,,,,,-9.60E-02,20
,,,-9.58E-02,52,,,,,-9.58E-02,20
,,,-9.56E-02,52,,,,,-9.56E-02,20
,,,-9.54E-02,50,,,,,-9.54E-02,20
,,,-9.52E-02,50,,,,,-9.52E-02,19.2000008
,,,-9.50E-02,50,,,,,-9.50E-02,19.2000008
,,,-9.48E-02,48,,,,,-9.48E-02,19.2000008
,,,-9.46E-02,46,,,,,-9.46E-02,19.2000008
,,,-9.44E-02,44,,,,,-9.44E-02,18.3999996
,,,-9.42E-02,42,,,,,-9.42E-02,18.3999996
,,,-9.40E-02,40,,,,,-9.40E-02,18.3999996
,,,-9.38E-02,38,,,,,-9.38E-02,17.6000004
,,,-9.36E-02,34,,,,,-9.36E-02,17.6000004
,,,-9.34E-02,32,,,,,-9.34E-02,16.8000011
,,,-9.32E-02,30,,,,,-9.32E-02,16.8000011
,,,-9.30E-02,26,,,,,-9.30E-02,16
,,,-9.28E-02,22,,,,,-9.28E-02,15.1999998
,,,-9.26E-02,20,,,,,-9.26E-02,15.1999998
,,,-9.24E-02,16,,,,,-9.24E-02,15.1999998
,,,-9.22E-02,14,,,,,-9.22E-02,14.4000006
,,,-9.20E-02,10,,,,,-9.20E-02,13.6000004
,,,-9.18E-02,8,,,,,-9.18E-02,13.6000004
,,,-9.16E-02,4,,,,,-9.16E-02,12.8000002
,,,-9.14E-02,0,,,,,-9.14E-02,12
,,,-9.12E-02,-2,,,,,-9.12E-02,11.1999998
,,,-9.10E-02,-6,,,,,-9.10E-02,10.4000006
,,,-9.08E-02,-8,,,,,-9.08E-02,8.800000191
,,,-9.06E-02,-10,,,,,-9.06E-02,8
,,,-9.04E-02,-14,,,,,-9.04E-02,6.4000001
,,,-9.02E-02,-16,,,,,-9.02E-02,4.80000019
,,,-9.00E-02,-18,,,,,-9.00E-02,3.20000005
,,,-8.98E-02,-20,,,,,-8.98E-02,8.00E-01
,,,-8.96E-02,-22,,,,,-8.96E-02,-8.00E-01
,,,-8.94E-02,-22,,,,,-8.94E-02,-2.4000001
,,,-8.92E-02,-24,,,,,-8.92E-02,-4.80000019
,,,-8.90E-02,-26,,,,,-8.90E-02,-6.4000001
,,,-8.88E-02,-26,,,,,-8.88E-02,-9.600000381
,,,-8.86E-02,-28,,,,,-8.86E-02,-12
,,,-8.84E-02,-28,,,,,-8.84E-02,-13.6000004
,,,-8.82E-02,-30,,,,,-8.82E-02,-15.1999998
,,,-8.80E-02,-30,,,,,-8.80E-02,-16.8000011
,,,-8.78E-02,-34,,,,,-8.78E-02,-18.3999996
,,,-8.76E-02,-36,,,,,-8.76E-02,-19.2000008
,,,-8.74E-02,-40,,,,,-8.74E-02,-20
,,,-8.72E-02,-42,,,,,-8.72E-02,-20
,,,-8.70E-02,-44,,,,,-8.70E-02,-20
,,,-8.68E-02,-46,,,,,-8.68E-02,-20
,,,-8.66E-02,-46,,,,,-8.66E-02,-20.80000114
,,,-8.64E-02,-48,,,,,-8.64E-02,-20
,,,-8.62E-02,-50,,,,,-8.62E-02,-20
,,,-8.60E-02,-48,,,,,-8.60E-02,-20
,,,-8.58E-02,-50,,,,,-8.58E-02,-20
,,,-8.56E-02,-50,,,,,-8.56E-02,-20
,,,-8.54E-02,-50,,,,,-8.54E-02,-20
,,,-8.52E-02,-48,,,,,-8.52E-02,-20
,,,-8.50E-02,-48,,,,,-8.50E-02,-19.2000008
,,,-8.48E-02,-46,,,,,-8.48E-02,-19.2000008
,,,-8.46E-02,-44,,,,,-8.46E-02,-19.2000008
,,,-8.44E-02,-42,,,,,-8.44E-02,-18.3999996
,,,-8.42E-02,-42,,,,,-8.42E-02,-18.3999996
,,,-8.40E-02,-40,,,,,-8.40E-02,-18.3999996
,,,-8.38E-02,-36,,,,,-8.38E-02,-17.6000004
,,,-8.36E-02,-34,,,,,-8.36E-02,-17.6000004
,,,-8.34E-02,-32,,,,,-8.34E-02,-16.8000011
,,,-8.32E-02,-28,,,,,-8.32E-02,-16.8000011
,,,-8.30E-02,-26,,,,,-8.30E-02,-16
,,,-8.28E-02,-24,,,,,-8.28E-02,-16
,,,-8.26E-02,-18,,,,,-8.26E-02,-15.1999998
,,,-8.24E-02,-16,,,,,-8.24E-02,-15.1999998
,,,-8.22E-02,-12,,,,,-8.22E-02,-14.4000006
,,,-8.20E-02,-8,,,,,-8.20E-02,-13.6000004
,,,-8.18E-02,-6,,,,,-8.18E-02,-13.6000004
,,,-8.16E-02,-2,,,,,-8.16E-02,-12.8000002
,,,-8.14E-02,0,,,,,-8.14E-02,-12
,,,-8.12E-02,4,,,,,-8.12E-02,-11.1999998
,,,-8.10E-02,6,,,,,-8.10E-02,-10.4000006
,,,-8.08E-02,10,,,,,-8.08E-02,-8.800000191
,,,-8.06E-02,12,,,,,-8.06E-02,-7.20000029
,,,-8.04E-02,14,,,,,-8.04E-02,-6.4000001
,,,-8.02E-02,16,,,,,-8.02E-02,-4.80000019
,,,-8.00E-02,18,,,,,-8.00E-02,-3.20000005
,,,-7.98E-02,20,,,,,-7.98E-02,-8.00E-01
,,,-7.96E-02,22,,,,,-7.96E-02,8.00E-01
,,,-7.94E-02,24,,,,,-7.94E-02,2.4000001
,,,-7.92E-02,24,,,,,-7.92E-02,5.5999999
,,,-7.90E-02,26,,,,,-7.90E-02,7.20000029
,,,-7.88E-02,26,,,,,-7.88E-02,9.600000381
,,,-7.86E-02,28,,,,,-7.86E-02,12
,,,-7.84E-02,30,,,,,-7.84E-02,13.6000004
,,,-7.82E-02,30,,,,,-7.82E-02,15.1999998
,,,-7.80E-02,32,,,,,-7.80E-02,16.8000011
,,,-7.78E-02,34,,,,,-7.78E-02,18.3999996
,,,-7.76E-02,38,,,,,-7.76E-02,19.2000008
,,,-7.74E-02,40,,,,,-7.74E-02,20
,,,-7.72E-02,42,,,,,-7.72E-02,20
,,,-7.70E-02,46,,,,,-7.70E-02,20
,,,-7.68E-02,48,,,,,-7.68E-02,20.80000114
,,,-7.66E-02,50,,,,,-7.66E-02,20.80000114
,,,-7.64E-02,50,,,,,-7.64E-02,20
,,,-7.62E-02,50,,,,,-7.62E-02,20
,,,-7.60E-02,50,,,,,-7.60E-02,20
,,,-7.58E-02,52,,,,,-7.58E-02,20.80000114
,,,-7.56E-02,52,,,,,-7.56E-02,20
,,,-7.54E-02,50,,,,,-7.54E-02,20
,,,-7.52E-02,50,,,,,-7.52E-02,20
,,,-7.50E-02,50,,,,,-7.50E-02,19.2000008
,,,-7.48E-02,48,,,,,-7.48E-02,19.2000008
,,,-7.46E-02,46,,,,,-7.46E-02,19.2000008
,,,-7.44E-02,44,,,,,-7.44E-02,18.3999996
,,,-7.42E-02,42,,,,,-7.42E-02,18.3999996
,,,-7.40E-02,40,,,,,-7.40E-02,18.3999996
,,,-7.38E-02,38,,,,,-7.38E-02,17.6000004
,,,-7.36E-02,34,,,,,-7.36E-02,17.6000004
,,,-7.34E-02,32,,,,,-7.34E-02,16.8000011
,,,-7.32E-02,30,,,,,-7.32E-02,16.8000011
,,,-7.30E-02,26,,,,,-7.30E-02,16
,,,-7.28E-02,24,,,,,-7.28E-02,16
,,,-7.26E-02,20,,,,,-7.26E-02,15.1999998
,,,-7.24E-02,16,,,,,-7.24E-02,15.1999998
,,,-7.22E-02,12,,,,,-7.22E-02,14.4000006
,,,-7.20E-02,10,,,,,-7.20E-02,14.4000006
,,,-7.18E-02,8,,,,,-7.18E-02,13.6000004
,,,-7.16E-02,4,,,,,-7.16E-02,12.8000002
,,,-7.14E-02,0,,,,,-7.14E-02,12
,,,-7.12E-02,-2,,,,,-7.12E-02,11.1999998
,,,-7.10E-02,-6,,,,,-7.10E-02,10.4000006
,,,-7.08E-02,-8,,,,,-7.08E-02,8.800000191
,,,-7.06E-02,-12,,,,,-7.06E-02,8
,,,-7.04E-02,-12,,,,,-7.04E-02,6.4000001
,,,-7.02E-02,-16,,,,,-7.02E-02,4.80000019
,,,-7.00E-02,-18,,,,,-7.00E-02,3.20000005
,,,-6.98E-02,-18,,,,,-6.98E-02,1.6
,,,-6.96E-02,-20,,,,,-6.96E-02,-8.00E-01
,,,-6.94E-02,-22,,,,,-6.94E-02,-2.4000001
,,,-6.92E-02,-24,,,,,-6.92E-02,-4.80000019
,,,-6.90E-02,-26,,,,,-6.90E-02,-7.20000029
,,,-6.88E-02,-26,,,,,-6.88E-02,-9.600000381
,,,-6.86E-02,-28,,,,,-6.86E-02,-11.1999998
,,,-6.84E-02,-28,,,,,-6.84E-02,-13.6000004
,,,-6.82E-02,-30,,,,,-6.82E-02,-15.1999998
,,,-6.80E-02,-32,,,,,-6.80E-02,-17.6000004
,,,-6.78E-02,-34,,,,,-6.78E-02,-18.3999996
,,,-6.76E-02,-36,,,,,-6.76E-02,-19.2000008
,,,-6.74E-02,-40,,,,,-6.74E-02,-20
,,,-6.72E-02,-42,,,,,-6.72E-02,-20
,,,-6.70E-02,-44,,,,,-6.70E-02,-20
,,,-6.68E-02,-46,,,,,-6.68E-02,-20
,,,-6.66E-02,-46,,,,,-6.66E-02,-20
,,,-6.64E-02,-48,,,,,-6.64E-02,-20
,,,-6.62E-02,-48,,,,,-6.62E-02,-20
,,,-6.60E-02,-50,,,,,-6.60E-02,-20
,,,-6.58E-02,-50,,,,,-6.58E-02,-20
,,,-6.56E-02,-50,,,,,-6.56E-02,-20
,,,-6.54E-02,-50,,,,,-6.54E-02,-20
,,,-6.52E-02,-48,,,,,-6.52E-02,-20
,,,-6.50E-02,-48,,,,,-6.50E-02,-20
,,,-6.48E-02,-46,,,,,-6.48E-02,-19.2000008
,,,-6.46E-02,-44,,,,,-6.46E-02,-19.2000008
,,,-6.44E-02,-42,,,,,-6.44E-02,-19.2000008
,,,-6.42E-02,-42,,,,,-6.42E-02,-19.2000008
,,,-6.40E-02,-38,,,,,-6.40E-02,-18.3999996
,,,-6.38E-02,-36,,,,,-6.38E-02,-18.3999996
,,,-6.36E-02,-34,,,,,-6.36E-02,-17.6000004
,,,-6.34E-02,-32,,,,,-6.34E-02,-16.8000011
,,,-6.32E-02,-28,,,,,-6.32E-02,-16
,,,-6.30E-02,-24,,,,,-6.30E-02,-16
,,,-6.28E-02,-22,,,,,-6.28E-02,-16
,,,-6.26E-02,-20,,,,,-6.26E-02,-15.1999998
,,,-6.24E-02,-16,,,,,-6.24E-02,-15.1999998
,,,-6.22E-02,-12,,,,,-6.22E-02,-14.4000006
,,,-6.20E-02,-10,,,,,-6.20E-02,-13.6000004
,,,-6.18E-02,-6,,,,,-6.18E-02,-13.6000004
,,,-6.16E-02,-2,,,,,-6.16E-02,-12.8000002
,,,-6.14E-02,0,,,,,-6.14E-02,-12
,,,-6.12E-02,4,,,,,-6.12E-02,-11.1999998
,,,-6.10E-02,8,,,,,-6.10E-02,-10.4000006
,,,-6.08E-02,10,,,,,-6.08E-02,-8.800000191
,,,-6.06E-02,12,,,,,-6.06E-02,-7.20000029
,,,-6.04E-02,14,,,,,-6.04E-02,-5.5999999
,,,-6.02E-02,16,,,,,-6.02E-02,-4.80000019
,,,-6.00E-02,18,,,,,-6.00E-02,-3.20000005
,,,-5.98E-02,20,,,,,-5.98E-02,-8.00E-01
,,,-5.96E-02,22,,,,,-5.96E-02,8.00E-01
,,,-5.94E-02,22,,,,,-5.94E-02,3.20000005
,,,-5.92E-02,24,,,,,-5.92E-02,4.80000019
,,,-5.90E-02,26,,,,,-5.90E-02,7.20000029
,,,-5.88E-02,28,,,,,-5.88E-02,9.600000381
,,,-5.86E-02,28,,,,,-5.86E-02,11.1999998
,,,-5.84E-02,30,,,,,-5.84E-02,13.6000004
,,,-5.82E-02,30,,,,,-5.82E-02,16
,,,-5.80E-02,32,,,,,-5.80E-02,16.8000011
,,,-5.78E-02,34,,,,,-5.78E-02,18.3999996
,,,-5.76E-02,38,,,,,-5.76E-02,19.2000008
,,,-5.74E-02,40,,,,,-5.74E-02,19.2000008
,,,-5.72E-02,42,,,,,-5.72E-02,20
,,,-5.70E-02,46,,,,,-5.70E-02,20
,,,-5.68E-02,48,,,,,-5.68E-02,20
,,,-5.66E-02,50,,,,,-5.66E-02,20.80000114
,,,-5.64E-02,50,,,,,-5.64E-02,20
,,,-5.62E-02,50,,,,,-5.62E-02,20.80000114
,,,-5.60E-02,52,,,,,-5.60E-02,20.80000114
,,,-5.58E-02,52,,,,,-5.58E-02,20
,,,-5.56E-02,50,,,,,-5.56E-02,20
,,,-5.54E-02,50,,,,,-5.54E-02,20
,,,-5.52E-02,50,,,,,-5.52E-02,20
,,,-5.50E-02,50,,,,,-5.50E-02,19.2000008
,,,-5.48E-02,48,,,,,-5.48E-02,19.2000008
,,,-5.46E-02,46,,,,,-5.46E-02,19.2000008
,,,-5.44E-02,44,,,,,-5.44E-02,18.3999996
,,,-5.42E-02,42,,,,,-5.42E-02,18.3999996
,,,-5.40E-02,40,,,,,-5.40E-02,18.3999996
,,,-5.38E-02,38,,,,,-5.38E-02,17.6000004
,,,-5.36E-02,34,,,,,-5.36E-02,17.6000004
,,,-5.34E-02,32,,,,,-5.34E-02,16.8000011
,,,-5.32E-02,30,,,,,-5.32E-02,16.8000011
,,,-5.30E-02,26,,,,,-5.30E-02,16
,,,-5.28E-02,22,,,,,-5.28E-02,16
,,,-5.26E-02,20,,,,,-5.26E-02,16
,,,-5.24E-02,18,,,,,-5.24E-02,15.1999998
,,,-5.22E-02,14,,,,,-5.22E-02,14.4000006
,,,-5.20E-02,10,,,,,-5.20E-02,13.6000004
,,,-5.18E-02,6,,,,,-5.18E-02,12.8000002
,,,-5.16E-02,4,,,,,-5.16E-02,12
,,,-5.14E-02,0,,,,,-5.14E-02,12
,,,-5.12E-02,-2,,,,,-5.12E-02,11.1999998
,,,-5.10E-02,-6,,,,,-5.10E-02,10.4000006
,,,-5.08E-02,-8,,,,,-5.08E-02,8.800000191
,,,-5.06E-02,-12,,,,,-5.06E-02,8
,,,-5.04E-02,-14,,,,,-5.04E-02,6.4000001
,,,-5.02E-02,-16,,,,,-5.02E-02,4.80000019
,,,-5.00E-02,-16,,,,,-5.00E-02,3.20000005
,,,-4.98E-02,-20,,,,,-4.98E-02,1.6
,,,-4.96E-02,-22,,,,,-4.96E-02,-8.00E-01
,,,-4.94E-02,-22,,,,,-4.94E-02,-2.4000001
,,,-4.92E-02,-24,,,,,-4.92E-02,-4.80000019
,,,-4.90E-02,-26,,,,,-4.90E-02,-7.20000029
,,,-4.88E-02,-26,,,,,-4.88E-02,-9.600000381
,,,-4.86E-02,-28,,,,,-4.86E-02,-11.1999998
,,,-4.84E-02,-28,,,,,-4.84E-02,-13.6000004
,,,-4.82E-02,-30,,,,,-4.82E-02,-15.1999998
,,,-4.80E-02,-32,,,,,-4.80E-02,-16.8000011
,,,-4.78E-02,-34,,,,,-4.78E-02,-18.3999996
,,,-4.76E-02,-36,,,,,-4.76E-02,-19.2000008
,,,-4.74E-02,-40,,,,,-4.74E-02,-19.2000008
,,,-4.72E-02,-42,,,,,-4.72E-02,-20
,,,-4.70E-02,-44,,,,,-4.70E-02,-20
,,,-4.68E-02,-46,,,,,-4.68E-02,-20
,,,-4.66E-02,-48,,,,,-4.66E-02,-20
,,,-4.64E-02,-48,,,,,-4.64E-02,-20
,,,-4.62E-02,-50,,,,,-4.62E-02,-20
,,,-4.60E-02,-50,,,,,-4.60E-02,-20
,,,-4.58E-02,-50,,,,,-4.58E-02,-20
,,,-4.56E-02,-50,,,,,-4.56E-02,-20
,,,-4.54E-02,-50,,,,,-4.54E-02,-20
,,,-4.52E-02,-48,,,,,-4.52E-02,-20
,,,-4.50E-02,-48,,,,,-4.50E-02,-19.2000008
,,,-4.48E-02,-46,,,,,-4.48E-02,-19.2000008
,,,-4.46E-02,-44,,,,,-4.46E-02,-19.2000008
,,,-4.44E-02,-44,,,,,-4.44E-02,-18.3999996
,,,-4.42E-02,-42,,,,,-4.42E-02,-18.3999996
,,,-4.40E-02,-40,,,,,-4.40E-02,-17.6000004
,,,-4.38E-02,-38,,,,,-4.38E-02,-17.6000004
,,,-4.36E-02,-34,,,,,-4.36E-02,-17.6000004
,,,-4.34E-02,-32,,,,,-4.34E-02,-17.6000004
,,,-4.32E-02,-28,,,,,-4.32E-02,-16
,,,-4.30E-02,-26,,,,,-4.30E-02,-16
,,,-4.28E-02,-22,,,,,-4.28E-02,-15.1999998
,,,-4.26E-02,-20,,,,,-4.26E-02,-15.1999998
,,,-4.24E-02,-16,,,,,-4.24E-02,-14.4000006
,,,-4.22E-02,-12,,,,,-4.22E-02,-14.4000006
,,,-4.20E-02,-10,,,,,-4.20E-02,-13.6000004
,,,-4.18E-02,-6,,,,,-4.18E-02,-13.6000004
,,,-4.16E-02,-2,,,,,-4.16E-02,-12.8000002
,,,-4.14E-02,2,,,,,-4.14E-02,-12
,,,-4.12E-02,4,,,,,-4.12E-02,-11.1999998
,,,-4.10E-02,6,,,,,-4.10E-02,-10.4000006
,,,-4.08E-02,10,,,,,-4.08E-02,-9.600000381
,,,-4.06E-02,12,,,,,-4.06E-02,-8
,,,-4.04E-02,14,,,,,-4.04E-02,-6.4000001
,,,-4.02E-02,16,,,,,-4.02E-02,-4.80000019
,,,-4.00E-02,18,,,,,-4.00E-02,-2.4000001
,,,-3.98E-02,20,,,,,-3.98E-02,-8.00E-01
,,,-3.96E-02,22,,,,,-3.96E-02,8.00E-01
,,,-3.94E-02,22,,,,,-3.94E-02,3.20000005
,,,-3.92E-02,24,,,,,-3.92E-02,4.80000019
,,,-3.90E-02,26,,,,,-3.90E-02,7.20000029
,,,-3.88E-02,28,,,,,-3.88E-02,9.600000381
,,,-3.86E-02,28,,,,,-3.86E-02,12
,,,-3.84E-02,30,,,,,-3.84E-02,13.6000004
,,,-3.82E-02,30,,,,,-3.82E-02,16
,,,-3.80E-02,32,,,,,-3.80E-02,17.6000004
,,,-3.78E-02,34,,,,,-3.78E-02,18.3999996
,,,-3.76E-02,38,,,,,-3.76E-02,20
,,,-3.74E-02,40,,,,,-3.74E-02,20
,,,-3.72E-02,44,,,,,-3.72E-02,20
,,,-3.70E-02,46,,,,,-3.70E-02,20
,,,-3.68E-02,48,,,,,-3.68E-02,20
,,,-3.66E-02,50,,,,,-3.66E-02,20
,,,-3.64E-02,50,,,,,-3.64E-02,20
,,,-3.62E-02,50,,,,,-3.62E-02,20
,,,-3.60E-02,50,,,,,-3.60E-02,20
,,,-3.58E-02,52,,,,,-3.58E-02,20.80000114
,,,-3.56E-02,50,,,,,-3.56E-02,20
,,,-3.54E-02,50,,,,,-3.54E-02,20
,,,-3.52E-02,50,,,,,-3.52E-02,20
,,,-3.50E-02,50,,,,,-3.50E-02,20
,,,-3.48E-02,48,,,,,-3.48E-02,19.2000008
,,,-3.46E-02,46,,,,,-3.46E-02,18.3999996
,,,-3.44E-02,44,,,,,-3.44E-02,19.2000008
,,,-3.42E-02,42,,,,,-3.42E-02,18.3999996
,,,-3.40E-02,40,,,,,-3.40E-02,18.3999996
,,,-3.38E-02,36,,,,,-3.38E-02,18.3999996
,,,-3.36E-02,36,,,,,-3.36E-02,17.6000004
,,,-3.34E-02,32,,,,,-3.34E-02,16.8000011
,,,-3.32E-02,30,,,,,-3.32E-02,16.8000011
,,,-3.30E-02,26,,,,,-3.30E-02,16
,,,-3.28E-02,24,,,,,-3.28E-02,16
,,,-3.26E-02,20,,,,,-3.26E-02,15.1999998
,,,-3.24E-02,16,,,,,-3.24E-02,15.1999998
,,,-3.22E-02,12,,,,,-3.22E-02,14.4000006
,,,-3.20E-02,10,,,,,-3.20E-02,13.6000004
,,,-3.18E-02,6,,,,,-3.18E-02,13.6000004
,,,-3.16E-02,4,,,,,-3.16E-02,12.8000002
,,,-3.14E-02,0,,,,,-3.14E-02,12
,,,-3.12E-02,-2,,,,,-3.12E-02,11.1999998
,,,-3.10E-02,-6,,,,,-3.10E-02,10.4000006
,,,-3.08E-02,-8,,,,,-3.08E-02,9.600000381
,,,-3.06E-02,-10,,,,,-3.06E-02,8
,,,-3.04E-02,-14,,,,,-3.04E-02,6.4000001
,,,-3.02E-02,-16,,,,,-3.02E-02,4.80000019
,,,-3.00E-02,-18,,,,,-3.00E-02,3.20000005
,,,-2.98E-02,-20,,,,,-2.98E-02,1.6
,,,-2.96E-02,-20,,,,,-2.96E-02,0
,,,-2.94E-02,-22,,,,,-2.94E-02,-2.4000001
,,,-2.92E-02,-24,,,,,-2.92E-02,-4.80000019
,,,-2.90E-02,-26,,,,,-2.90E-02,-7.20000029
,,,-2.88E-02,-26,,,,,-2.88E-02,-9.600000381
,,,-2.86E-02,-26,,,,,-2.86E-02,-11.1999998
,,,-2.84E-02,-28,,,,,-2.84E-02,-12.8000002
,,,-2.82E-02,-30,,,,,-2.82E-02,-16
,,,-2.80E-02,-32,,,,,-2.80E-02,-17.6000004
,,,-2.78E-02,-34,,,,,-2.78E-02,-18.3999996
,,,-2.76E-02,-36,,,,,-2.76E-02,-18.3999996
,,,-2.74E-02,-38,,,,,-2.74E-02,-19.2000008
,,,-2.72E-02,-42,,,,,-2.72E-02,-20
,,,-2.70E-02,-44,,,,,-2.70E-02,-20
,,,-2.68E-02,-44,,,,,-2.68E-02,-20
,,,-2.66E-02,-48,,,,,-2.66E-02,-20
,,,-2.64E-02,-50,,,,,-2.64E-02,-20
,,,-2.62E-02,-50,,,,,-2.62E-02,-20
,,,-2.60E-02,-50,,,,,-2.60E-02,-20
,,,-2.58E-02,-50,,,,,-2.58E-02,-20
,,,-2.56E-02,-50,,,,,-2.56E-02,-20
,,,-2.54E-02,-50,,,,,-2.54E-02,-20
,,,-2.52E-02,-48,,,,,-2.52E-02,-19.2000008
,,,-2.50E-02,-48,,,,,-2.50E-02,-19.2000008
,,,-2.48E-02,-46,,,,,-2.48E-02,-19.2000008
,,,-2.46E-02,-44,,,,,-2.46E-02,-18.3999996
,,,-2.44E-02,-42,,,,,-2.44E-02,-19.2000008
,,,-2.42E-02,-42,,,,,-2.42E-02,-18.3999996
,,,-2.40E-02,-40,,,,,-2.40E-02,-18.3999996
,,,-2.38E-02,-36,,,,,-2.38E-02,-17.6000004
,,,-2.36E-02,-34,,,,,-2.36E-02,-17.6000004
,,,-2.34E-02,-32,,,,,-2.34E-02,-16.8000011
,,,-2.32E-02,-28,,,,,-2.32E-02,-16.8000011
,,,-2.30E-02,-26,,,,,-2.30E-02,-16
,,,-2.28E-02,-22,,,,,-2.28E-02,-16
,,,-2.26E-02,-20,,,,,-2.26E-02,-15.1999998
,,,-2.24E-02,-16,,,,,-2.24E-02,-15.1999998
,,,-2.22E-02,-12,,,,,-2.22E-02,-14.4000006
,,,-2.20E-02,-8,,,,,-2.20E-02,-14.4000006
,,,-2.18E-02,-6,,,,,-2.18E-02,-13.6000004
,,,-2.16E-02,-2,,,,,-2.16E-02,-12.8000002
,,,-2.14E-02,2,,,,,-2.14E-02,-12
,,,-2.12E-02,4,,,,,-2.12E-02,-11.1999998
,,,-2.10E-02,6,,,,,-2.10E-02,-10.4000006
,,,-2.08E-02,10,,,,,-2.08E-02,-8.800000191
,,,-2.06E-02,12,,,,,-2.06E-02,-7.20000029
,,,-2.04E-02,14,,,,,-2.04E-02,-6.4000001
,,,-2.02E-02,16,,,,,-2.02E-02,-4.80000019
,,,-2.00E-02,18,,,,,-2.00E-02,-3.20000005
,,,-1.98E-02,20,,,,,-1.98E-02,-8.00E-01
,,,-1.96E-02,22,,,,,-1.96E-02,8.00E-01
,,,-1.94E-02,24,,,,,-1.94E-02,3.20000005
,,,-1.92E-02,24,,,,,-1.92E-02,4.80000019
,,,-1.90E-02,26,,,,,-1.90E-02,7.20000029
,,,-1.88E-02,28,,,,,-1.88E-02,9.600000381
,,,-1.86E-02,28,,,,,-1.86E-02,11.1999998
,,,-1.84E-02,28,,,,,-1.84E-02,13.6000004
,,,-1.82E-02,30,,,,,-1.82E-02,15.1999998
,,,-1.80E-02,32,,,,,-1.80E-02,17.6000004
,,,-1.78E-02,34,,,,,-1.78E-02,18.3999996
,,,-1.76E-02,36,,,,,-1.76E-02,19.2000008
,,,-1.74E-02,40,,,,,-1.74E-02,19.2000008
,,,-1.72E-02,44,,,,,-1.72E-02,20
,,,-1.70E-02,46,,,,,-1.70E-02,20
,,,-1.68E-02,48,,,,,-1.68E-02,20.80000114
,,,-1.66E-02,50,,,,,-1.66E-02,20.80000114
,,,-1.64E-02,50,,,,,-1.64E-02,20.80000114
,,,-1.62E-02,50,,,,,-1.62E-02,20.80000114
,,,-1.60E-02,52,,,,,-1.60E-02,20
,,,-1.58E-02,52,,,,,-1.58E-02,20
,,,-1.56E-02,50,,,,,-1.56E-02,20
,,,-1.54E-02,50,,,,,-1.54E-02,20
,,,-1.52E-02,50,,,,,-1.52E-02,20
,,,-1.50E-02,48,,,,,-1.50E-02,20
,,,-1.48E-02,48,,,,,-1.48E-02,19.2000008
,,,-1.46E-02,46,,,,,-1.46E-02,19.2000008
,,,-1.44E-02,44,,,,,-1.44E-02,19.2000008
,,,-1.42E-02,42,,,,,-1.42E-02,18.3999996
,,,-1.40E-02,40,,,,,-1.40E-02,18.3999996
,,,-1.38E-02,38,,,,,-1.38E-02,17.6000004
,,,-1.36E-02,34,,,,,-1.36E-02,17.6000004
,,,-1.34E-02,32,,,,,-1.34E-02,16.8000011
,,,-1.32E-02,28,,,,,-1.32E-02,16.8000011
,,,-1.30E-02,28,,,,,-1.30E-02,16.8000011
,,,-1.28E-02,24,,,,,-1.28E-02,16
,,,-1.26E-02,20,,,,,-1.26E-02,16
,,,-1.24E-02,16,,,,,-1.24E-02,15.1999998
,,,-1.22E-02,14,,,,,-1.22E-02,14.4000006
,,,-1.20E-02,10,,,,,-1.20E-02,13.6000004
,,,-1.18E-02,6,,,,,-1.18E-02,13.6000004
,,,-1.16E-02,4,,,,,-1.16E-02,12.8000002
,,,-1.14E-02,0,,,,,-1.14E-02,12
,,,-1.12E-02,-2,,,,,-1.12E-02,11.1999998
,,,-1.10E-02,-6,,,,,-1.10E-02,9.600000381
,,,-1.08E-02,-8,,,,,-1.08E-02,8.800000191
,,,-1.06E-02,-10,,,,,-1.06E-02,8
,,,-1.04E-02,-14,,,,,-1.04E-02,6.4000001
,,,-1.02E-02,-14,,,,,-1.02E-02,4.80000019
,,,-1.00E-02,-18,,,,,-1.00E-02,2.4000001
,,,-9.80E-03,-20,,,,,-9.80E-03,1.6
,,,-9.60E-03,-20,,,,,-9.60E-03,-8.00E-01
,,,-9.40E-03,-22,,,,,-9.40E-03,-3.20000005
,,,-9.20E-03,-24,,,,,-9.20E-03,-4.80000019
,,,-9.00E-03,-24,,,,,-9.00E-03,-7.20000029
,,,-8.80E-03,-26,,,,,-8.80E-03,-8.800000191
,,,-8.60E-03,-26,,,,,-8.60E-03,-11.1999998
,,,-8.40E-03,-28,,,,,-8.40E-03,-13.6000004
,,,-8.20E-03,-30,,,,,-8.20E-03,-15.1999998
,,,-8.00E-03,-32,,,,,-8.00E-03,-17.6000004
,,,-7.80E-03,-34,,,,,-7.80E-03,-18.3999996
,,,-7.60E-03,-36,,,,,-7.60E-03,-19.2000008
,,,-7.40E-03,-40,,,,,-7.40E-03,-19.2000008
,,,-7.20E-03,-42,,,,,-7.20E-03,-20
,,,-7.00E-03,-44,,,,,-7.00E-03,-20
,,,-6.80E-03,-46,,,,,-6.80E-03,-20
,,,-6.60E-03,-46,,,,,-6.60E-03,-20
,,,-6.40E-03,-48,,,,,-6.40E-03,-20
,,,-6.20E-03,-50,,,,,-6.20E-03,-20
,,,-6.00E-03,-50,,,,,-6.00E-03,-20
,,,-5.80E-03,-50,,,,,-5.80E-03,-20
,,,-5.60E-03,-50,,,,,-5.60E-03,-20
,,,-5.40E-03,-50,,,,,-5.40E-03,-20
,,,-5.20E-03,-48,,,,,-5.20E-03,-19.2000008
,,,-5.00E-03,-48,,,,,-5.00E-03,-19.2000008
,,,-4.80E-03,-46,,,,,-4.80E-03,-19.2000008
,,,-4.60E-03,-44,,,,,-4.60E-03,-19.2000008
,,,-4.40E-03,-42,,,,,-4.40E-03,-19.2000008
,,,-4.20E-03,-42,,,,,-4.20E-03,-18.3999996
,,,-4.00E-03,-38,,,,,-4.00E-03,-18.3999996
,,,-3.80E-03,-36,,,,,-3.80E-03,-17.6000004
,,,-3.60E-03,-34,,,,,-3.60E-03,-17.6000004
,,,-3.40E-03,-32,,,,,-3.40E-03,-16.8000011
,,,-3.20E-03,-28,,,,,-3.20E-03,-16.8000011
,,,-3.00E-03,-26,,,,,-3.00E-03,-16
,,,-2.80E-03,-22,,,,,-2.80E-03,-16
,,,-2.60E-03,-20,,,,,-2.60E-03,-15.1999998
,,,-2.40E-03,-16,,,,,-2.40E-03,-14.4000006
,,,-2.20E-03,-12,,,,,-2.20E-03,-14.4000006
,,,-2.00E-03,-8,,,,,-2.00E-03,-13.6000004
,,,-1.80E-03,-6,,,,,-1.80E-03,-12.8000002
,,,-1.60E-03,-2,,,,,-1.60E-03,-12.8000002
,,,-1.40E-03,0,,,,,-1.40E-03,-12
,,,-1.20E-03,4,,,,,-1.20E-03,-12
,,,-1.00E-03,6,,,,,-1.00E-03,-10.4000006
,,,-8.00E-04,10,,,,,-8.00E-04,-8.800000191
,,,-6.00E-04,12,,,,,-6.00E-04,-7.20000029
,,,-4.00E-04,14,,,,,-4.00E-04,-6.4000001
,,,-2.00E-04,16,,,,,-2.00E-04,-4.80000019
,,,-1.30E-08,18,,,,,-1.30E-08,-2.4000001
,,,2.00E-04,20,,,,,2.00E-04,-8.00E-01
,,,4.00E-04,22,,,,,4.00E-04,8.00E-01
,,,6.00E-04,24,,,,,6.00E-04,3.20000005
,,,8.00E-04,26,,,,,8.00E-04,4.80000019
,,,1.00E-03,26,,,,,1.00E-03,7.20000029
,,,1.20E-03,26,,,,,1.20E-03,9.600000381
,,,1.40E-03,28,,,,,1.40E-03,11.1999998
,,,1.60E-03,28,,,,,1.60E-03,13.6000004
,,,1.80E-03,30,,,,,1.80E-03,15.1999998
,,,2.00E-03,32,,,,,2.00E-03,17.6000004
,,,2.20E-03,34,,,,,2.20E-03,18.3999996
,,,2.40E-03,38,,,,,2.40E-03,18.3999996
,,,2.60E-03,40,,,,,2.60E-03,20
,,,2.80E-03,42,,,,,2.80E-03,20
,,,3.00E-03,46,,,,,3.00E-03,20
,,,3.20E-03,48,,,,,3.20E-03,20
,,,3.40E-03,50,,,,,3.40E-03,20
,,,3.60E-03,50,,,,,3.60E-03,20.80000114
,,,3.80E-03,50,,,,,3.80E-03,20.80000114
,,,4.00E-03,50,,,,,4.00E-03,20.80000114
,,,4.20E-03,50,,,,,4.20E-03,20
,,,4.40E-03,52,,,,,4.40E-03,20
,,,4.60E-03,50,,,,,4.60E-03,20
,,,4.80E-03,50,,,,,4.80E-03,20
,,,5.00E-03,48,,,,,5.00E-03,19.2000008
,,,5.20E-03,48,,,,,5.20E-03,19.2000008
,,,5.40E-03,46,,,,,5.40E-03,19.2000008
,,,5.60E-03,44,,,,,5.60E-03,18.3999996
,,,5.80E-03,42,,,,,5.80E-03,18.3999996
,,,6.00E-03,40,,,,,6.00E-03,17.6000004
,,,6.20E-03,38,,,,,6.20E-03,17.6000004
,,,6.40E-03,34,,,,,6.40E-03,17.6000004
,,,6.60E-03,32,,,,,6.60E-03,16.8000011
,,,6.80E-03,30,,,,,6.80E-03,16.8000011
,,,7.00E-03,26,,,,,7.00E-03,16
,,,7.20E-03,24,,,,,7.20E-03,16
,,,7.40E-03,20,,,,,7.40E-03,16
,,,7.60E-03,16,,,,,7.60E-03,15.1999998
,,,7.80E-03,14,,,,,7.80E-03,14.4000006
,,,8.00E-03,10,,,,,8.00E-03,13.6000004
,,,8.20E-03,6,,,,,8.20E-03,12.8000002
,,,8.40E-03,4,,,,,8.40E-03,12.8000002
,,,8.60E-03,0,,,,,8.60E-03,11.1999998
,,,8.80E-03,-2,,,,,8.80E-03,11.1999998
,,,9.00E-03,-4,,,,,9.00E-03,9.600000381
,,,9.20E-03,-8,,,,,9.20E-03,9.600000381
,,,9.40E-03,-10,,,,,9.40E-03,8
,,,9.60E-03,-12,,,,,9.60E-03,6.4000001
,,,9.80E-03,-16,,,,,9.80E-03,4.80000019
,,,1.00E-02,-18,,,,,1.00E-02,3.20000005
,,,1.02E-02,-20,,,,,1.02E-02,1.6
,,,1.04E-02,-22,,,,,1.04E-02,-8.00E-01
,,,1.06E-02,-22,,,,,1.06E-02,-2.4000001
,,,1.08E-02,-24,,,,,1.08E-02,-4
,,,1.10E-02,-26,,,,,1.10E-02,-6.4000001
,,,1.12E-02,-26,,,,,1.12E-02,-9.600000381
,,,1.14E-02,-26,,,,,1.14E-02,-11.1999998
,,,1.16E-02,-28,,,,,1.16E-02,-13.6000004
,,,1.18E-02,-28,,,,,1.18E-02,-15.1999998
,,,1.20E-02,-32,,,,,1.20E-02,-16.8000011
,,,1.22E-02,-34,,,,,1.22E-02,-18.3999996
,,,1.24E-02,-36,,,,,1.24E-02,-19.2000008
,,,1.26E-02,-40,,,,,1.26E-02,-20
,,,1.28E-02,-42,,,,,1.28E-02,-20
,,,1.30E-02,-44,,,,,1.30E-02,-20
,,,1.32E-02,-46,,,,,1.32E-02,-20.80000114
,,,1.34E-02,-48,,,,,1.34E-02,-20
,,,1.36E-02,-48,,,,,1.36E-02,-20
,,,1.38E-02,-50,,,,,1.38E-02,-20
,,,1.40E-02,-50,,,,,1.40E-02,-20
,,,1.42E-02,-50,,,,,1.42E-02,-20
,,,1.44E-02,-50,,,,,1.44E-02,-20
,,,1.46E-02,-50,,,,,1.46E-02,-19.2000008
,,,1.48E-02,-48,,,,,1.48E-02,-20
,,,1.50E-02,-48,,,,,1.50E-02,-19.2000008
,,,1.52E-02,-46,,,,,1.52E-02,-19.2000008
,,,1.54E-02,-44,,,,,1.54E-02,-19.2000008
,,,1.56E-02,-42,,,,,1.56E-02,-19.2000008
,,,1.58E-02,-42,,,,,1.58E-02,-18.3999996
,,,1.60E-02,-40,,,,,1.60E-02,-18.3999996
,,,1.62E-02,-36,,,,,1.62E-02,-17.6000004
,,,1.64E-02,-34,,,,,1.64E-02,-17.6000004
,,,1.66E-02,-32,,,,,1.66E-02,-16.8000011
,,,1.68E-02,-28,,,,,1.68E-02,-16.8000011
,,,1.70E-02,-26,,,,,1.70E-02,-16.8000011
,,,1.72E-02,-22,,,,,1.72E-02,-15.1999998
,,,1.74E-02,-18,,,,,1.74E-02,-15.1999998
,,,1.76E-02,-16,,,,,1.76E-02,-15.1999998
,,,1.78E-02,-12,,,,,1.78E-02,-14.4000006
,,,1.80E-02,-8,,,,,1.80E-02,-13.6000004
,,,1.82E-02,-6,,,,,1.82E-02,-12.8000002
,,,1.84E-02,-2,,,,,1.84E-02,-12.8000002
,,,1.86E-02,2,,,,,1.86E-02,-12
,,,1.88E-02,4,,,,,1.88E-02,-11.1999998
,,,1.90E-02,6,,,,,1.90E-02,-10.4000006
,,,1.92E-02,10,,,,,1.92E-02,-8.800000191
,,,1.94E-02,12,,,,,1.94E-02,-7.20000029
,,,1.96E-02,14,,,,,1.96E-02,-6.4000001
,,,1.98E-02,16,,,,,1.98E-02,-4
,,,2.00E-02,18,,,,,2.00E-02,-3.20000005
,,,2.02E-02,20,,,,,2.02E-02,-8.00E-01
,,,2.04E-02,22,,,,,2.04E-02,8.00E-01
,,,2.06E-02,22,,,,,2.06E-02,2.4000001
,,,2.08E-02,24,,,,,2.08E-02,4.80000019
,,,2.10E-02,26,,,,,2.10E-02,7.20000029
,,,2.12E-02,26,,,,,2.12E-02,9.600000381
,,,2.14E-02,28,,,,,2.14E-02,12
,,,2.16E-02,30,,,,,2.16E-02,13.6000004
,,,2.18E-02,30,,,,,2.18E-02,16
,,,2.20E-02,32,,,,,2.20E-02,16.8000011
,,,2.22E-02,34,,,,,2.22E-02,18.3999996
,,,2.24E-02,38,,,,,2.24E-02,19.2000008
,,,2.26E-02,40,,,,,2.26E-02,19.2000008
,,,2.28E-02,44,,,,,2.28E-02,20
,,,2.30E-02,46,,,,,2.30E-02,20
,,,2.32E-02,48,,,,,2.32E-02,20
,,,2.34E-02,48,,,,,2.34E-02,20.80000114
,,,2.36E-02,50,,,,,2.36E-02,20
,,,2.38E-02,50,,,,,2.38E-02,20.80000114
,,,2.40E-02,50,,,,,2.40E-02,20
,,,2.42E-02,52,,,,,2.42E-02,20
,,,2.44E-02,50,,,,,2.44E-02,20
,,,2.46E-02,50,,,,,2.46E-02,20
,,,2.48E-02,50,,,,,2.48E-02,20
,,,2.50E-02,50,,,,,2.50E-02,19.2000008
,,,2.52E-02,48,,,,,2.52E-02,19.2000008
,,,2.54E-02,46,,,,,2.54E-02,19.2000008
,,,2.56E-02,44,,,,,2.56E-02,18.3999996
,,,2.58E-02,42,,,,,2.58E-02,18.3999996
,,,2.60E-02,40,,,,,2.60E-02,18.3999996
,,,2.62E-02,36,,,,,2.62E-02,17.6000004
,,,2.64E-02,34,,,,,2.64E-02,17.6000004
,,,2.66E-02,32,,,,,2.66E-02,16.8000011
,,,2.68E-02,30,,,,,2.68E-02,16.8000011
,,,2.70E-02,26,,,,,2.70E-02,16.8000011
,,,2.72E-02,24,,,,,2.72E-02,16
,,,2.74E-02,20,,,,,2.74E-02,15.1999998
,,,2.76E-02,18,,,,,2.76E-02,15.1999998
,,,2.78E-02,14,,,,,2.78E-02,14.4000006
,,,2.80E-02,10,,,,,2.80E-02,13.6000004
,,,2.82E-02,6,,,,,2.82E-02,13.6000004
,,,2.84E-02,4,,,,,2.84E-02,12.8000002
,,,2.86E-02,2,,,,,2.86E-02,12
,,,2.88E-02,-2,,,,,2.88E-02,11.1999998
,,,2.90E-02,-6,,,,,2.90E-02,10.4000006
,,,2.92E-02,-8,,,,,2.92E-02,9.600000381
,,,2.94E-02,-12,,,,,2.94E-02,8
,,,2.96E-02,-12,,,,,2.96E-02,6.4000001
,,,2.98E-02,-14,,,,,2.98E-02,4.80000019
,,,3.00E-02,-18,,,,,3.00E-02,3.20000005
,,,3.02E-02,-20,,,,,3.02E-02,8.00E-01
,,,3.04E-02,-20,,,,,3.04E-02,-8.00E-01
,,,3.06E-02,-24,,,,,3.06E-02,-2.4000001
,,,3.08E-02,-24,,,,,3.08E-02,-4.80000019
,,,3.10E-02,-24,,,,,3.10E-02,-7.20000029
,,,3.12E-02,-26,,,,,3.12E-02,-9.600000381
,,,3.14E-02,-26,,,,,3.14E-02,-11.1999998
,,,3.16E-02,-28,,,,,3.16E-02,-13.6000004
,,,3.18E-02,-30,,,,,3.18E-02,-15.1999998
,,,3.20E-02,-32,,,,,3.20E-02,-17.6000004
,,,3.22E-02,-34,,,,,3.22E-02,-18.3999996
,,,3.24E-02,-36,,,,,3.24E-02,-19.2000008
,,,3.26E-02,-38,,,,,3.26E-02,-19.2000008
,,,3.28E-02,-42,,,,,3.28E-02,-20
,,,3.30E-02,-44,,,,,3.30E-02,-20
,,,3.32E-02,-46,,,,,3.32E-02,-20
,,,3.34E-02,-48,,,,,3.34E-02,-20
,,,3.36E-02,-48,,,,,3.36E-02,-20.80000114
,,,3.38E-02,-48,,,,,3.38E-02,-20
,,,3.40E-02,-50,,,,,3.40E-02,-20
,,,3.42E-02,-50,,,,,3.42E-02,-20
,,,3.44E-02,-50,,,,,3.44E-02,-20
,,,3.46E-02,-50,,,,,3.46E-02,-20
,,,3.48E-02,-48,,,,,3.48E-02,-20
,,,3.50E-02,-48,,,,,3.50E-02,-19.2000008
,,,3.52E-02,-46,,,,,3.52E-02,-19.2000008
,,,3.54E-02,-44,,,,,3.54E-02,-19.2000008
,,,3.56E-02,-42,,,,,3.56E-02,-19.2000008
,,,3.58E-02,-42,,,,,3.58E-02,-18.3999996
,,,3.60E-02,-40,,,,,3.60E-02,-18.3999996
,,,3.62E-02,-36,,,,,3.62E-02,-18.3999996
,,,3.64E-02,-34,,,,,3.64E-02,-17.6000004
,,,3.66E-02,-32,,,,,3.66E-02,-16.8000011
,,,3.68E-02,-28,,,,,3.68E-02,-16.8000011
,,,3.70E-02,-26,,,,,3.70E-02,-16
,,,3.72E-02,-22,,,,,3.72E-02,-15.1999998
,,,3.74E-02,-18,,,,,3.74E-02,-15.1999998
,,,3.76E-02,-16,,,,,3.76E-02,-15.1999998
,,,3.78E-02,-12,,,,,3.78E-02,-14.4000006
,,,3.80E-02,-10,,,,,3.80E-02,-13.6000004
,,,3.82E-02,-6,,,,,3.82E-02,-13.6000004
,,,3.84E-02,-2,,,,,3.84E-02,-12.8000002
,,,3.86E-02,2,,,,,3.86E-02,-12
,,,3.88E-02,4,,,,,3.88E-02,-11.1999998
,,,3.90E-02,6,,,,,3.90E-02,-9.600000381
,,,3.92E-02,10,,,,,3.92E-02,-8.800000191
,,,3.94E-02,12,,,,,3.94E-02,-7.20000029
,,,3.96E-02,14,,,,,3.96E-02,-5.5999999
,,,3.98E-02,16,,,,,3.98E-02,-4.80000019
,,,4.00E-02,18,,,,,4.00E-02,-3.20000005
,,,4.02E-02,20,,,,,4.02E-02,-8.00E-01
,,,4.04E-02,20,,,,,4.04E-02,8.00E-01
,,,4.06E-02,22,,,,,4.06E-02,3.20000005
,,,4.08E-02,24,,,,,4.08E-02,4.80000019
,,,4.10E-02,26,,,,,4.10E-02,7.20000029
,,,4.12E-02,26,,,,,4.12E-02,9.600000381
,,,4.14E-02,28,,,,,4.14E-02,11.1999998
,,,4.16E-02,30,,,,,4.16E-02,13.6000004
,,,4.18E-02,30,,,,,4.18E-02,16
,,,4.20E-02,32,,,,,4.20E-02,17.6000004
,,,4.22E-02,34,,,,,4.22E-02,18.3999996
,,,4.24E-02,38,,,,,4.24E-02,19.2000008
,,,4.26E-02,40,,,,,4.26E-02,20
,,,4.28E-02,44,,,,,4.28E-02,20
,,,4.30E-02,46,,,,,4.30E-02,20
,,,4.32E-02,48,,,,,4.32E-02,20.80000114
,,,4.34E-02,50,,,,,4.34E-02,20.80000114
,,,4.36E-02,50,,,,,4.36E-02,20.80000114
,,,4.38E-02,50,,,,,4.38E-02,20.80000114
,,,4.40E-02,52,,,,,4.40E-02,20.80000114
,,,4.42E-02,52,,,,,4.42E-02,20
,,,4.44E-02,52,,,,,4.44E-02,20
,,,4.46E-02,50,,,,,4.46E-02,20
,,,4.48E-02,50,,,,,4.48E-02,20
,,,4.50E-02,50,,,,,4.50E-02,19.2000008
,,,4.52E-02,48,,,,,4.52E-02,19.2000008
,,,4.54E-02,48,,,,,4.54E-02,19.2000008
,,,4.56E-02,44,,,,,4.56E-02,18.3999996
,,,4.58E-02,42,,,,,4.58E-02,18.3999996
,,,4.60E-02,40,,,,,4.60E-02,18.3999996
,,,4.62E-02,38,,,,,4.62E-02,17.6000004
,,,4.64E-02,36,,,,,4.64E-02,17.6000004
,,,4.66E-02,32,,,,,4.66E-02,16.8000011
,,,4.68E-02,30,,,,,4.68E-02,16.8000011
,,,4.70E-02,26,,,,,4.70E-02,16
,,,4.72E-02,22,,,,,4.72E-02,16
,,,4.74E-02,20,,,,,4.74E-02,16
,,,4.76E-02,16,,,,,4.76E-02,15.1999998
,,,4.78E-02,14,,,,,4.78E-02,14.4000006
,,,4.80E-02,10,,,,,4.80E-02,13.6000004
,,,4.82E-02,8,,,,,4.82E-02,13.6000004
,,,4.84E-02,4,,,,,4.84E-02,12.8000002
,,,4.86E-02,0,,,,,4.86E-02,12
,,,4.88E-02,-2,,,,,4.88E-02,11.1999998
,,,4.90E-02,-4,,,,,4.90E-02,10.4000006
,,,4.92E-02,-8,,,,,4.92E-02,8.800000191
,,,4.94E-02,-10,,,,,4.94E-02,8
,,,4.96E-02,-14,,,,,4.96E-02,6.4000001
,,,4.98E-02,-16,,,,,4.98E-02,4.80000019
,,,5.00E-02,-16,,,,,5.00E-02,3.20000005
,,,5.02E-02,-20,,,,,5.02E-02,1.6
,,,5.04E-02,-20,,,,,5.04E-02,-8.00E-01
,,,5.06E-02,-22,,,,,5.06E-02,-2.4000001
,,,5.08E-02,-24,,,,,5.08E-02,-4.80000019
,,,5.10E-02,-26,,,,,5.10E-02,-6.4000001
,,,5.12E-02,-26,,,,,5.12E-02,-9.600000381
,,,5.14E-02,-28,,,,,5.14E-02,-11.1999998
,,,5.16E-02,-28,,,,,5.16E-02,-13.6000004
,,,5.18E-02,-30,,,,,5.18E-02,-15.1999998
,,,5.20E-02,-32,,,,,5.20E-02,-17.6000004
,,,5.22E-02,-34,,,,,5.22E-02,-18.3999996
,,,5.24E-02,-36,,,,,5.24E-02,-19.2000008
,,,5.26E-02,-38,,,,,5.26E-02,-20
,,,5.28E-02,-42,,,,,5.28E-02,-20
,,,5.30E-02,-44,,,,,5.30E-02,-20
,,,5.32E-02,-46,,,,,5.32E-02,-20
,,,5.34E-02,-46,,,,,5.34E-02,-20
,,,5.36E-02,-48,,,,,5.36E-02,-20
,,,5.38E-02,-50,,,,,5.38E-02,-20
,,,5.40E-02,-50,,,,,5.40E-02,-20
,,,5.42E-02,-50,,,,,5.42E-02,-20
,,,5.44E-02,-50,,,,,5.44E-02,-20
,,,5.46E-02,-50,,,,,5.46E-02,-20
,,,5.48E-02,-48,,,,,5.48E-02,-20
,,,5.50E-02,-48,,,,,5.50E-02,-19.2000008
,,,5.52E-02,-46,,,,,5.52E-02,-19.2000008
,,,5.54E-02,-44,,,,,5.54E-02,-18.3999996
,,,5.56E-02,-44,,,,,5.56E-02,-19.2000008
,,,5.58E-02,-42,,,,,5.58E-02,-18.3999996
,,,5.60E-02,-40,,,,,5.60E-02,-18.3999996
,,,5.62E-02,-36,,,,,5.62E-02,-17.6000004
,,,5.64E-02,-34,,,,,5.64E-02,-17.6000004
,,,5.66E-02,-32,,,,,5.66E-02,-16.8000011
,,,5.68E-02,-28,,,,,5.68E-02,-16.8000011
,,,5.70E-02,-26,,,,,5.70E-02,-16
,,,5.72E-02,-22,,,,,5.72E-02,-15.1999998
,,,5.74E-02,-20,,,,,5.74E-02,-15.1999998
,,,5.76E-02,-16,,,,,5.76E-02,-15.1999998
,,,5.78E-02,-12,,,,,5.78E-02,-14.4000006
,,,5.80E-02,-10,,,,,5.80E-02,-13.6000004
,,,5.82E-02,-6,,,,,5.82E-02,-13.6000004
,,,5.84E-02,-2,,,,,5.84E-02,-12.8000002
,,,5.86E-02,2,,,,,5.86E-02,-12
,,,5.88E-02,4,,,,,5.88E-02,-11.1999998
,,,5.90E-02,6,,,,,5.90E-02,-9.600000381
,,,5.92E-02,8,,,,,5.92E-02,-8.800000191
,,,5.94E-02,12,,,,,5.94E-02,-7.20000029
,,,5.96E-02,14,,,,,5.96E-02,-6.4000001
,,,5.98E-02,16,,,,,5.98E-02,-4
,,,6.00E-02,18,,,,,6.00E-02,-2.4000001
,,,6.02E-02,20,,,,,6.02E-02,-8.00E-01
,,,6.04E-02,22,,,,,6.04E-02,8.00E-01
,,,6.06E-02,24,,,,,6.06E-02,3.20000005
,,,6.08E-02,24,,,,,6.08E-02,4.80000019
,,,6.10E-02,26,,,,,6.10E-02,7.20000029
,,,6.12E-02,26,,,,,6.12E-02,9.600000381
,,,6.14E-02,28,,,,,6.14E-02,11.1999998
,,,6.16E-02,30,,,,,6.16E-02,13.6000004
,,,6.18E-02,30,,,,,6.18E-02,15.1999998
,,,6.20E-02,32,,,,,6.20E-02,17.6000004
,,,6.22E-02,34,,,,,6.22E-02,18.3999996
,,,6.24E-02,38,,,,,6.24E-02,19.2000008
,,,6.26E-02,40,,,,,6.26E-02,20
,,,6.28E-02,44,,,,,6.28E-02,20
,,,6.30E-02,46,,,,,6.30E-02,20
,,,6.32E-02,48,,,,,6.32E-02,20
,,,6.34E-02,48,,,,,6.34E-02,20.80000114
,,,6.36E-02,50,,,,,6.36E-02,20
,,,6.38E-02,52,,,,,6.38E-02,20.80000114
,,,6.40E-02,50,,,,,6.40E-02,20.80000114
,,,6.42E-02,50,,,,,6.42E-02,20
,,,6.44E-02,50,,,,,6.44E-02,20
,,,6.46E-02,50,,,,,6.46E-02,20
,,,6.48E-02,50,,,,,6.48E-02,20
,,,6.50E-02,50,,,,,6.50E-02,19.2000008
,,,6.52E-02,48,,,,,6.52E-02,19.2000008
,,,6.54E-02,46,,,,,6.54E-02,19.2000008
,,,6.56E-02,44,,,,,6.56E-02,19.2000008
,,,6.58E-02,42,,,,,6.58E-02,19.2000008
,,,6.60E-02,40,,,,,6.60E-02,18.3999996
,,,6.62E-02,38,,,,,6.62E-02,17.6000004
,,,6.64E-02,34,,,,,6.64E-02,17.6000004
,,,6.66E-02,32,,,,,6.66E-02,16.8000011
,,,6.68E-02,30,,,,,6.68E-02,16.8000011
,,,6.70E-02,28,,,,,6.70E-02,16
,,,6.72E-02,24,,,,,6.72E-02,16
,,,6.74E-02,20,,,,,6.74E-02,15.1999998
,,,6.76E-02,16,,,,,6.76E-02,15.1999998
,,,6.78E-02,12,,,,,6.78E-02,14.4000006
,,,6.80E-02,10,,,,,6.80E-02,13.6000004
,,,6.82E-02,6,,,,,6.82E-02,13.6000004
,,,6.84E-02,4,,,,,6.84E-02,12.8000002
,,,6.86E-02,2,,,,,6.86E-02,12
,,,6.88E-02,-2,,,,,6.88E-02,11.1999998
,,,6.90E-02,-6,,,,,6.90E-02,10.4000006
,,,6.92E-02,-8,,,,,6.92E-02,9.600000381
,,,6.94E-02,-10,,,,,6.94E-02,8
,,,6.96E-02,-12,,,,,6.96E-02,6.4000001
,,,6.98E-02,-14,,,,,6.98E-02,4.80000019
,,,7.00E-02,-16,,,,,7.00E-02,3.20000005
,,,7.02E-02,-20,,,,,7.02E-02,8.00E-01
,,,7.04E-02,-20,,,,,7.04E-02,-8.00E-01
,,,7.06E-02,-22,,,,,7.06E-02,-2.4000001
,,,7.08E-02,-24,,,,,7.08E-02,-4.80000019
,,,7.10E-02,-24,,,,,7.10E-02,-7.20000029
,,,7.12E-02,-26,,,,,7.12E-02,-8.800000191
,,,7.14E-02,-26,,,,,7.14E-02,-11.1999998
,,,7.16E-02,-28,,,,,7.16E-02,-13.6000004
,,,7.18E-02,-28,,,,,7.18E-02,-15.1999998
,,,7.20E-02,-32,,,,,7.20E-02,-17.6000004
,,,7.22E-02,-32,,,,,7.22E-02,-18.3999996
,,,7.24E-02,-36,,,,,7.24E-02,-19.2000008
,,,7.26E-02,-38,,,,,7.26E-02,-19.2000008
,,,7.28E-02,-42,,,,,7.28E-02,-20
,,,7.30E-02,-44,,,,,7.30E-02,-20
,,,7.32E-02,-44,,,,,7.32E-02,-20.80000114
,,,7.34E-02,-48,,,,,7.34E-02,-20
,,,7.36E-02,-48,,,,,7.36E-02,-20
,,,7.38E-02,-48,,,,,7.38E-02,-20
,,,7.40E-02,-50,,,,,7.40E-02,-20
,,,7.42E-02,-50,,,,,7.42E-02,-20
,,,7.44E-02,-50,,,,,7.44E-02,-20
,,,7.46E-02,-50,,,,,7.46E-02,-20
,,,7.48E-02,-50,,,,,7.48E-02,-19.2000008
,,,7.50E-02,-48,,,,,7.50E-02,-19.2000008
,,,7.52E-02,-46,,,,,7.52E-02,-19.2000008
,,,7.54E-02,-44,,,,,7.54E-02,-19.2000008
,,,7.56E-02,-42,,,,,7.56E-02,-18.3999996
,,,7.58E-02,-42,,,,,7.58E-02,-18.3999996
,,,7.60E-02,-40,,,,,7.60E-02,-17.6000004
,,,7.62E-02,-36,,,,,7.62E-02,-17.6000004
,,,7.64E-02,-34,,,,,7.64E-02,-17.6000004
,,,7.66E-02,-32,,,,,7.66E-02,-16.8000011
,,,7.68E-02,-28,,,,,7.68E-02,-16.8000011
,,,7.70E-02,-26,,,,,7.70E-02,-16
,,,7.72E-02,-22,,,,,7.72E-02,-16
,,,7.74E-02,-18,,,,,7.74E-02,-15.1999998
,,,7.76E-02,-16,,,,,7.76E-02,-14.4000006
,,,7.78E-02,-12,,,,,7.78E-02,-14.4000006
,,,7.80E-02,-10,,,,,7.80E-02,-14.4000006
,,,7.82E-02,-6,,,,,7.82E-02,-12.8000002
,,,7.84E-02,-2,,,,,7.84E-02,-12.8000002
,,,7.86E-02,2,,,,,7.86E-02,-12
,,,7.88E-02,4,,,,,7.88E-02,-11.1999998
,,,7.90E-02,8,,,,,7.90E-02,-10.4000006
,,,7.92E-02,10,,,,,7.92E-02,-8.800000191
,,,7.94E-02,12,,,,,7.94E-02,-7.20000029
,,,7.96E-02,14,,,,,7.96E-02,-6.4000001
,,,7.98E-02,16,,,,,7.98E-02,-4
,,,8.00E-02,18,,,,,8.00E-02,-3.20000005
,,,8.02E-02,20,,,,,8.02E-02,-8.00E-01
,,,8.04E-02,22,,,,,8.04E-02,8.00E-01
,,,8.06E-02,24,,,,,8.06E-02,3.20000005
,,,8.08E-02,24,,,,,8.08E-02,4.80000019
,,,8.10E-02,26,,,,,8.10E-02,7.20000029
,,,8.12E-02,28,,,,,8.12E-02,9.600000381
,,,8.14E-02,28,,,,,8.14E-02,11.1999998
,,,8.16E-02,30,,,,,8.16E-02,12.8000002
,,,8.18E-02,30,,,,,8.18E-02,15.1999998
,,,8.20E-02,32,,,,,8.20E-02,16.8000011
,,,8.22E-02,34,,,,,8.22E-02,18.3999996
,,,8.24E-02,38,,,,,8.24E-02,19.2000008
,,,8.26E-02,40,,,,,8.26E-02,20
,,,8.28E-02,42,,,,,8.28E-02,20
,,,8.30E-02,46,,,,,8.30E-02,20
,,,8.32E-02,48,,,,,8.32E-02,20.80000114
,,,8.34E-02,50,,,,,8.34E-02,20.80000114
,,,8.36E-02,50,,,,,8.36E-02,20.80000114
,,,8.38E-02,50,,,,,8.38E-02,20.80000114
,,,8.40E-02,50,,,,,8.40E-02,20
,,,8.42E-02,50,,,,,8.42E-02,20
,,,8.44E-02,50,,,,,8.44E-02,20
,,,8.46E-02,50,,,,,8.46E-02,20
,,,8.48E-02,50,,,,,8.48E-02,20
,,,8.50E-02,50,,,,,8.50E-02,19.2000008
,,,8.52E-02,48,,,,,8.52E-02,19.2000008
,,,8.54E-02,46,,,,,8.54E-02,19.2000008
,,,8.56E-02,44,,,,,8.56E-02,19.2000008
,,,8.58E-02,42,,,,,8.58E-02,18.3999996
,,,8.60E-02,40,,,,,8.60E-02,18.3999996
,,,8.62E-02,38,,,,,8.62E-02,17.6000004
,,,8.64E-02,34,,,,,8.64E-02,17.6000004
,,,8.66E-02,32,,,,,8.66E-02,16.8000011
,,,8.68E-02,30,,,,,8.68E-02,16.8000011
,,,8.70E-02,26,,,,,8.70E-02,16
,,,8.72E-02,24,,,,,8.72E-02,16
,,,8.74E-02,20,,,,,8.74E-02,15.1999998
,,,8.76E-02,16,,,,,8.76E-02,15.1999998
,,,8.78E-02,12,,,,,8.78E-02,14.4000006
,,,8.80E-02,10,,,,,8.80E-02,13.6000004
,,,8.82E-02,6,,,,,8.82E-02,13.6000004
,,,8.84E-02,4,,,,,8.84E-02,12
,,,8.86E-02,0,,,,,8.86E-02,12
,,,8.88E-02,-2,,,,,8.88E-02,11.1999998
,,,8.90E-02,-6,,,,,8.90E-02,10.4000006
,,,8.92E-02,-10,,,,,8.92E-02,8.800000191
,,,8.94E-02,-10,,,,,8.94E-02,8
,,,8.96E-02,-14,,,,,8.96E-02,6.4000001
,,,8.98E-02,-14,,,,,8.98E-02,4.80000019
,,,9.00E-02,-18,,,,,9.00E-02,3.20000005
,,,9.02E-02,-20,,,,,9.02E-02,1.6
,,,9.04E-02,-20,,,,,9.04E-02,0
,,,9.06E-02,-22,,,,,9.06E-02,-2.4000001
,,,9.08E-02,-24,,,,,9.08E-02,-4.80000019
,,,9.10E-02,-24,,,,,9.10E-02,-7.20000029
,,,9.12E-02,-26,,,,,9.12E-02,-9.600000381
,,,9.14E-02,-26,,,,,9.14E-02,-11.1999998
,,,9.16E-02,-28,,,,,9.16E-02,-13.6000004
,,,9.18E-02,-30,,,,,9.18E-02,-15.1999998
,,,9.20E-02,-32,,,,,9.20E-02,-16.8000011
,,,9.22E-02,-34,,,,,9.22E-02,-18.3999996
,,,9.24E-02,-36,,,,,9.24E-02,-19.2000008
,,,9.26E-02,-40,,,,,9.26E-02,-20
,,,9.28E-02,-42,,,,,9.28E-02,-20
,,,9.30E-02,-44,,,,,9.30E-02,-20
,,,9.32E-02,-46,,,,,9.32E-02,-20
,,,9.34E-02,-48,,,,,9.34E-02,-20
,,,9.36E-02,-48,,,,,9.36E-02,-20
,,,9.38E-02,-48,,,,,9.38E-02,-20
,,,9.40E-02,-50,,,,,9.40E-02,-20.80000114
,,,9.42E-02,-50,,,,,9.42E-02,-20
,,,9.44E-02,-50,,,,,9.44E-02,-20
,,,9.46E-02,-50,,,,,9.46E-02,-20
,,,9.48E-02,-48,,,,,9.48E-02,-19.2000008
,,,9.50E-02,-48,,,,,9.50E-02,-19.2000008
,,,9.52E-02,-46,,,,,9.52E-02,-19.2000008
,,,9.54E-02,-44,,,,,9.54E-02,-19.2000008
,,,9.56E-02,-42,,,,,9.56E-02,-19.2000008
,,,9.58E-02,-42,,,,,9.58E-02,-18.3999996
,,,9.60E-02,-40,,,,,9.60E-02,-18.3999996
,,,9.62E-02,-36,,,,,9.62E-02,-17.6000004
,,,9.64E-02,-34,,,,,9.64E-02,-17.6000004
,,,9.66E-02,-32,,,,,9.66E-02,-16.8000011
,,,9.68E-02,-28,,,,,9.68E-02,-16.8000011
,,,9.70E-02,-26,,,,,9.70E-02,-16
,,,9.72E-02,-22,,,,,9.72E-02,-16
,,,9.74E-02,-18,,,,,9.74E-02,-15.1999998
,,,9.76E-02,-16,,,,,9.76E-02,-15.1999998
,,,9.78E-02,-12,,,,,9.78E-02,-14.4000006
,,,9.80E-02,-8,,,,,9.80E-02,-13.6000004
,,,9.82E-02,-6,,,,,9.82E-02,-13.6000004
,,,9.84E-02,-2,,,,,9.84E-02,-12.8000002
,,,9.86E-02,2,,,,,9.86E-02,-12
,,,9.88E-02,4,,,,,9.88E-02,-11.1999998
,,,9.90E-02,6,,,,,9.90E-02,-10.4000006
,,,9.92E-02,10,,,,,9.92E-02,-8.800000191
,,,9.94E-02,12,,,,,9.94E-02,-7.20000029
,,,9.96E-02,14,,,,,9.96E-02,-6.4000001
,,,9.98E-02,16,,,,,9.98E-02,-4.80000019
,,,1.00E-01,18,,,,,1.00E-01,-2.4000001
,,,1.00E-01,20,,,,,1.00E-01,-8.00E-01
,,,1.00E-01,22,,,,,1.00E-01,8.00E-01
,,,1.01E-01,24,,,,,1.01E-01,3.20000005
,,,1.01E-01,24,,,,,1.01E-01,4.80000019
,,,1.01E-01,26,,,,,1.01E-01,7.20000029
,,,1.01E-01,28,,,,,1.01E-01,9.600000381
,,,1.01E-01,28,,,,,1.01E-01,12
,,,1.02E-01,30,,,,,1.02E-01,13.6000004
,,,1.02E-01,30,,,,,1.02E-01,16
,,,1.02E-01,32,,,,,1.02E-01,16.8000011
,,,1.02E-01,34,,,,,1.02E-01,18.3999996
,,,1.02E-01,38,,,,,1.02E-01,19.2000008
,,,1.03E-01,40,,,,,1.03E-01,20
,,,1.03E-01,44,,,,,1.03E-01,20
,,,1.03E-01,46,,,,,1.03E-01,20
,,,1.03E-01,48,,,,,1.03E-01,20.80000114
,,,1.03E-01,50,,,,,1.03E-01,20.80000114
,,,1.04E-01,50,,,,,1.04E-01,20.80000114
,,,1.04E-01,50,,,,,1.04E-01,20.80000114
,,,1.04E-01,50,,,,,1.04E-01,20
,,,1.04E-01,50,,,,,1.04E-01,20
,,,1.04E-01,52,,,,,1.04E-01,20
,,,1.05E-01,50,,,,,1.05E-01,20
,,,1.05E-01,50,,,,,1.05E-01,20
,,,1.05E-01,50,,,,,1.05E-01,19.2000008
,,,1.05E-01,48,,,,,1.05E-01,19.2000008
,,,1.05E-01,46,,,,,1.05E-01,19.2000008
,,,1.06E-01,44,,,,,1.06E-01,18.3999996
,,,1.06E-01,42,,,,,1.06E-01,18.3999996
,,,1.06E-01,40,,,,,1.06E-01,18.3999996
,,,1.06E-01,38,,,,,1.06E-01,17.6000004
,,,1.06E-01,36,,,,,1.06E-01,17.6000004
,,,1.07E-01,32,,,,,1.07E-01,16.8000011
,,,1.07E-01,30,,,,,1.07E-01,16.8000011
,,,1.07E-01,26,,,,,1.07E-01,16.8000011
,,,1.07E-01,22,,,,,1.07E-01,16
,,,1.07E-01,20,,,,,1.07E-01,15.1999998
,,,1.08E-01,16,,,,,1.08E-01,15.1999998
,,,1.08E-01,14,,,,,1.08E-01,14.4000006
,,,1.08E-01,10,,,,,1.08E-01,14.4000006
,,,1.08E-01,6,,,,,1.08E-01,13.6000004
,,,1.08E-01,4,,,,,1.08E-01,12.8000002
,,,1.09E-01,2,,,,,1.09E-01,12
,,,1.09E-01,-2,,,,,1.09E-01,11.1999998
,,,1.09E-01,-6,,,,,1.09E-01,10.4000006
,,,1.09E-01,-8,,,,,1.09E-01,9.600000381
,,,1.09E-01,-10,,,,,1.09E-01,8
,,,1.10E-01,-12,,,,,1.10E-01,6.4000001
,,,1.10E-01,-16,,,,,1.10E-01,4.80000019
,,,1.10E-01,-18,,,,,1.10E-01,3.20000005
,,,1.10E-01,-18,,,,,1.10E-01,1.6
,,,1.10E-01,-20,,,,,1.10E-01,0
,,,1.11E-01,-22,,,,,1.11E-01,-2.4000001
,,,1.11E-01,-24,,,,,1.11E-01,-4.80000019
,,,1.11E-01,-24,,,,,1.11E-01,-6.4000001
,,,1.11E-01,-26,,,,,1.11E-01,-9.600000381
,,,1.11E-01,-26,,,,,1.11E-01,-11.1999998
,,,1.12E-01,-28,,,,,1.12E-01,-13.6000004
,,,1.12E-01,-30,,,,,1.12E-01,-15.1999998
,,,1.12E-01,-32,,,,,1.12E-01,-16.8000011
,,,1.12E-01,-32,,,,,1.12E-01,-18.3999996
,,,1.12E-01,-36,,,,,1.12E-01,-19.2000008
,,,1.13E-01,-40,,,,,1.13E-01,-20
,,,1.13E-01,-42,,,,,1.13E-01,-20
,,,1.13E-01,-44,,,,,1.13E-01,-20
,,,1.13E-01,-44,,,,,1.13E-01,-20
,,,1.13E-01,-48,,,,,1.13E-01,-20
,,,1.14E-01,-48,,,,,1.14E-01,-20
,,,1.14E-01,-50,,,,,1.14E-01,-20
,,,1.14E-01,-50,,,,,1.14E-01,-20
,,,1.14E-01,-50,,,,,1.14E-01,-20
,,,1.14E-01,-50,,,,,1.14E-01,-20
,,,1.15E-01,-50,,,,,1.15E-01,-20
,,,1.15E-01,-48,,,,,1.15E-01,-19.2000008
,,,1.15E-01,-48,,,,,1.15E-01,-19.2000008
,,,1.15E-01,-46,,,,,1.15E-01,-19.2000008
,,,1.15E-01,-44,,,,,1.15E-01,-19.2000008
,,,1.16E-01,-42,,,,,1.16E-01,-19.2000008
,,,1.16E-01,-42,,,,,1.16E-01,-18.3999996
,,,1.16E-01,-40,,,,,1.16E-01,-18.3999996
,,,1.16E-01,-36,,,,,1.16E-01,-17.6000004
,,,1.16E-01,-34,,,,,1.16E-01,-17.6000004
,,,1.17E-01,-30,,,,,1.17E-01,-16.8000011
,,,1.17E-01,-28,,,,,1.17E-01,-16.8000011
,,,1.17E-01,-26,,,,,1.17E-01,-16
,,,1.17E-01,-22,,,,,1.17E-01,-16
,,,1.17E-01,-20,,,,,1.17E-01,-15.1999998
,,,1.18E-01,-16,,,,,1.18E-01,-15.1999998
,,,1.18E-01,-12,,,,,1.18E-01,-14.4000006
,,,1.18E-01,-10,,,,,1.18E-01,-13.6000004
,,,1.18E-01,-6,,,,,1.18E-01,-13.6000004
,,,1.18E-01,-2,,,,,1.18E-01,-12.8000002
,,,1.19E-01,2,,,,,1.19E-01,-12
,,,1.19E-01,4,,,,,1.19E-01,-11.1999998
,,,1.19E-01,6,,,,,1.19E-01,-10.4000006
,,,1.19E-01,8,,,,,1.19E-01,-8.800000191
,,,1.19E-01,12,,,,,1.19E-01,-8
,,,1.20E-01,14,,,,,1.20E-01,-6.4000001
,,,1.20E-01,16,,,,,1.20E-01,-4.80000019
,,,1.20E-01,18,,,,,1.20E-01,-3.20000005
,,,1.20E-01,20,,,,,1.20E-01,-8.00E-01
,,,1.20E-01,22,,,,,1.20E-01,8.00E-01
,,,1.21E-01,22,,,,,1.21E-01,3.20000005
,,,1.21E-01,24,,,,,1.21E-01,4.80000019
,,,1.21E-01,26,,,,,1.21E-01,7.20000029
,,,1.21E-01,26,,,,,1.21E-01,9.600000381
,,,1.21E-01,28,,,,,1.21E-01,11.1999998
,,,1.22E-01,30,,,,,1.22E-01,13.6000004
,,,1.22E-01,30,,,,,1.22E-01,15.1999998
,,,1.22E-01,32,,,,,1.22E-01,16.8000011
,,,1.22E-01,34,,,,,1.22E-01,18.3999996
,,,1.22E-01,36,,,,,1.22E-01,19.2000008
,,,1.23E-01,40,,,,,1.23E-01,20
,,,1.23E-01,44,,,,,1.23E-01,20
,,,1.23E-01,46,,,,,1.23E-01,20
,,,1.23E-01,48,,,,,1.23E-01,20.80000114
,,,1.23E-01,50,,,,,1.23E-01,20.80000114
,,,1.24E-01,50,,,,,1.24E-01,20.80000114
,,,1.24E-01,50,,,,,1.24E-01,20.80000114
,,,1.24E-01,52,,,,,1.24E-01,20
,,,1.24E-01,52,,,,,1.24E-01,20
,,,1.24E-01,52,,,,,1.24E-01,20
,,,1.25E-01,52,,,,,1.25E-01,20
,,,1.25E-01,50,,,,,1.25E-01,20
,,,1.25E-01,50,,,,,1.25E-01,19.2000008
,,,1.25E-01,48,,,,,1.25E-01,19.2000008
,,,1.25E-01,46,,,,,1.25E-01,19.2000008
,,,1.26E-01,44,,,,,1.26E-01,18.3999996
,,,1.26E-01,42,,,,,1.26E-01,18.3999996
,,,1.26E-01,40,,,,,1.26E-01,18.3999996
,,,1.26E-01,38,,,,,1.26E-01,17.6000004
,,,1.26E-01,36,,,,,1.26E-01,17.6000004
,,,1.27E-01,32,,,,,1.27E-01,16.8000011
,,,1.27E-01,30,,,,,1.27E-01,16.8000011
,,,1.27E-01,26,,,,,1.27E-01,16.8000011
,,,1.27E-01,24,,,,,1.27E-01,16
,,,1.27E-01,20,,,,,1.27E-01,15.1999998
,,,1.28E-01,16,,,,,1.28E-01,15.1999998
,,,1.28E-01,12,,,,,1.28E-01,14.4000006
,,,1.28E-01,10,,,,,1.28E-01,13.6000004
,,,1.28E-01,6,,,,,1.28E-01,12.8000002
,,,1.28E-01,4,,,,,1.28E-01,12.8000002
,,,1.29E-01,2,,,,,1.29E-01,12
,,,1.29E-01,-2,,,,,1.29E-01,11.1999998
,,,1.29E-01,-6,,,,,1.29E-01,10.4000006
,,,1.29E-01,-8,,,,,1.29E-01,8.800000191
,,,1.29E-01,-10,,,,,1.29E-01,8
,,,1.30E-01,-14,,,,,1.30E-01,6.4000001
,,,1.30E-01,-14,,,,,1.30E-01,4.80000019
,,,1.30E-01,-18,,,,,1.30E-01,3.20000005
,,,1.30E-01,-20,,,,,1.30E-01,1.6
,,,1.30E-01,-20,,,,,1.30E-01,-8.00E-01
,,,1.31E-01,-24,,,,,1.31E-01,-2.4000001
,,,1.31E-01,-24,,,,,1.31E-01,-4.80000019
,,,1.31E-01,-24,,,,,1.31E-01,-7.20000029
,,,1.31E-01,-26,,,,,1.31E-01,-9.600000381
,,,1.31E-01,-26,,,,,1.31E-01,-11.1999998
,,,1.32E-01,-28,,,,,1.32E-01,-13.6000004
,,,1.32E-01,-30,,,,,1.32E-01,-15.1999998
,,,1.32E-01,-32,,,,,1.32E-01,-16.8000011
,,,1.32E-01,-34,,,,,1.32E-01,-18.3999996
,,,1.32E-01,-38,,,,,1.32E-01,-19.2000008
,,,1.33E-01,-38,,,,,1.33E-01,-20
,,,1.33E-01,-42,,,,,1.33E-01,-20
,,,1.33E-01,-42,,,,,1.33E-01,-20
,,,1.33E-01,-46,,,,,1.33E-01,-20
,,,1.33E-01,-48,,,,,1.33E-01,-20
,,,1.34E-01,-48,,,,,1.34E-01,-20
,,,1.34E-01,-50,,,,,1.34E-01,-20
,,,1.34E-01,-50,,,,,1.34E-01,-20
,,,1.34E-01,-50,,,,,1.34E-01,-20
,,,1.34E-01,-50,,,,,1.34E-01,-19.2000008
,,,1.35E-01,-50,,,,,1.35E-01,-20
,,,1.35E-01,-48,,,,,1.35E-01,-19.2000008
,,,1.35E-01,-48,,,,,1.35E-01,-19.2000008
,,,1.35E-01,-46,,,,,1.35E-01,-19.2000008
,,,1.35E-01,-44,,,,,1.35E-01,-19.2000008
,,,1.36E-01,-44,,,,,1.36E-01,-19.2000008
,,,1.36E-01,-42,,,,,1.36E-01,-18.3999996
,,,1.36E-01,-40,,,,,1.36E-01,-18.3999996
,,,1.36E-01,-36,,,,,1.36E-01,-17.6000004
,,,1.36E-01,-34,,,,,1.36E-01,-17.6000004
,,,1.37E-01,-32,,,,,1.37E-01,-17.6000004
,,,1.37E-01,-28,,,,,1.37E-01,-16.8000011
,,,1.37E-01,-26,,,,,1.37E-01,-16
,,,1.37E-01,-22,,,,,1.37E-01,-15.1999998
,,,1.37E-01,-20,,,,,1.37E-01,-15.1999998
,,,1.38E-01,-16,,,,,1.38E-01,-14.4000006
,,,1.38E-01,-12,,,,,1.38E-01,-14.4000006
,,,1.38E-01,-8,,,,,1.38E-01,-13.6000004
,,,1.38E-01,-6,,,,,1.38E-01,-12.8000002
,,,1.38E-01,-2,,,,,1.38E-01,-12.8000002
,,,1.39E-01,2,,,,,1.39E-01,-12
,,,1.39E-01,4,,,,,1.39E-01,-11.1999998
,,,1.39E-01,6,,,,,1.39E-01,-9.600000381
,,,1.39E-01,10,,,,,1.39E-01,-8.800000191
,,,1.39E-01,12,,,,,1.39E-01,-7.20000029
,,,1.40E-01,14,,,,,1.40E-01,-6.4000001
,,,1.40E-01,16,,,,,1.40E-01,-4
,,,1.40E-01,18,,,,,1.40E-01,-3.20000005
,,,1.40E-01,20,,,,,1.40E-01,-8.00E-01
,,,1.40E-01,22,,,,,1.40E-01,8.00E-01
,,,1.41E-01,24,,,,,1.41E-01,3.20000005
,,,1.41E-01,24,,,,,1.41E-01,4.80000019
,,,1.41E-01,26,,,,,1.41E-01,7.20000029
,,,1.41E-01,26,,,,,1.41E-01,9.600000381
,,,1.41E-01,28,,,,,1.41E-01,11.1999998
,,,1.42E-01,30,,,,,1.42E-01,13.6000004
,,,1.42E-01,30,,,,,1.42E-01,16
,,,1.42E-01,32,,,,,1.42E-01,16.8000011
,,,1.42E-01,34,,,,,1.42E-01,18.3999996
,,,1.42E-01,38,,,,,1.42E-01,19.2000008
,,,1.43E-01,40,,,,,1.43E-01,19.2000008
,,,1.43E-01,44,,,,,1.43E-01,20
,,,1.43E-01,44,,,,,1.43E-01,20
,,,1.43E-01,48,,,,,1.43E-01,20
,,,1.43E-01,48,,,,,1.43E-01,20.80000114
,,,1.44E-01,50,,,,,1.44E-01,20.80000114
,,,1.44E-01,50,,,,,1.44E-01,20.80000114
,,,1.44E-01,50,,,,,1.44E-01,20
,,,1.44E-01,52,,,,,1.44E-01,20
,,,1.44E-01,52,,,,,1.44E-01,20.80000114
,,,1.45E-01,50,,,,,1.45E-01,20
,,,1.45E-01,50,,,,,1.45E-01,20
,,,1.45E-01,50,,,,,1.45E-01,20
,,,1.45E-01,48,,,,,1.45E-01,19.2000008
,,,1.45E-01,46,,,,,1.45E-01,19.2000008
,,,1.46E-01,44,,,,,1.46E-01,19.2000008
,,,1.46E-01,42,,,,,1.46E-01,18.3999996
,,,1.46E-01,40,,,,,1.46E-01,18.3999996
,,,1.46E-01,38,,,,,1.46E-01,17.6000004
,,,1.46E-01,34,,,,,1.46E-01,17.6000004
,,,1.47E-01,32,,,,,1.47E-01,17.6000004
,,,1.47E-01,28,,,,,1.47E-01,16.8000011
,,,1.47E-01,26,,,,,1.47E-01,16
,,,1.47E-01,24,,,,,1.47E-01,16
,,,1.47E-01,20,,,,,1.47E-01,15.1999998
,,,1.48E-01,16,,,,,1.48E-01,14.4000006
,,,1.48E-01,14,,,,,1.48E-01,14.4000006
,,,1.48E-01,10,,,,,1.48E-01,13.6000004
,,,1.48E-01,6,,,,,1.48E-01,13.6000004
,,,1.48E-01,4,,,,,1.48E-01,12.8000002
,,,1.49E-01,2,,,,,1.49E-01,11.1999998
,,,1.49E-01,-2,,,,,1.49E-01,11.1999998
,,,1.49E-01,-6,,,,,1.49E-01,10.4000006
,,,1.49E-01,-8,,,,,1.49E-01,8.800000191
,,,1.49E-01,-10,,,,,1.49E-01,8
,,,1.50E-01,-12,,,,,1.50E-01,6.4000001
,,,1.50E-01,-14,,,,,1.50E-01,4.80000019
,,,1.50E-01,-18,,,,,1.50E-01,3.20000005
,,,1.50E-01,-20,,,,,1.50E-01,8.00E-01
,,,1.50E-01,-22,,,,,1.50E-01,0
,,,1.51E-01,-22,,,,,1.51E-01,-2.4000001
,,,1.51E-01,-24,,,,,1.51E-01,-4
,,,1.51E-01,-24,,,,,1.51E-01,-6.4000001
,,,1.51E-01,-26,,,,,1.51E-01,-8.800000191
,,,1.51E-01,-26,,,,,1.51E-01,-11.1999998
,,,1.52E-01,-28,,,,,1.52E-01,-13.6000004
,,,1.52E-01,-30,,,,,1.52E-01,-14.4000006
,,,1.52E-01,-30,,,,,1.52E-01,-16.8000011
,,,1.52E-01,-32,,,,,1.52E-01,-18.3999996
,,,1.52E-01,-36,,,,,1.52E-01,-19.2000008
,,,1.53E-01,-38,,,,,1.53E-01,-20
,,,1.53E-01,-42,,,,,1.53E-01,-20
,,,1.53E-01,-44,,,,,1.53E-01,-20
,,,1.53E-01,-46,,,,,1.53E-01,-20
,,,1.53E-01,-46,,,,,1.53E-01,-20
,,,1.54E-01,-48,,,,,1.54E-01,-20
,,,1.54E-01,-50,,,,,1.54E-01,-20
,,,1.54E-01,-50,,,,,1.54E-01,-20
,,,1.54E-01,-50,,,,,1.54E-01,-20
,,,1.54E-01,-50,,,,,1.54E-01,-20
,,,1.55E-01,-50,,,,,1.55E-01,-20
,,,1.55E-01,-48,,,,,1.55E-01,-20
,,,1.55E-01,-48,,,,,1.55E-01,-19.2000008
,,,1.55E-01,-46,,,,,1.55E-01,-19.2000008
,,,1.55E-01,-44,,,,,1.55E-01,-19.2000008
,,,1.56E-01,-44,,,,,1.56E-01,-18.3999996
,,,1.56E-01,-42,,,,,1.56E-01,-18.3999996
,,,1.56E-01,-40,,,,,1.56E-01,-18.3999996
,,,1.56E-01,-36,,,,,1.56E-01,-17.6000004
,,,1.56E-01,-34,,,,,1.56E-01,-17.6000004
,,,1.57E-01,-32,,,,,1.57E-01,-16.8000011
,,,1.57E-01,-28,,,,,1.57E-01,-16.8000011
,,,1.57E-01,-26,,,,,1.57E-01,-16
,,,1.57E-01,-22,,,,,1.57E-01,-16
,,,1.57E-01,-18,,,,,1.57E-01,-15.1999998
,,,1.58E-01,-16,,,,,1.58E-01,-15.1999998
,,,1.58E-01,-12,,,,,1.58E-01,-14.4000006
,,,1.58E-01,-8,,,,,1.58E-01,-13.6000004
,,,1.58E-01,-6,,,,,1.58E-01,-13.6000004
,,,1.58E-01,-2,,,,,1.58E-01,-12.8000002
,,,1.59E-01,0,,,,,1.59E-01,-12
,,,1.59E-01,4,,,,,1.59E-01,-11.1999998
,,,1.59E-01,6,,,,,1.59E-01,-10.4000006
,,,1.59E-01,10,,,,,1.59E-01,-8.800000191
,,,1.59E-01,10,,,,,1.59E-01,-7.20000029
,,,1.60E-01,14,,,,,1.60E-01,-6.4000001
,,,1.60E-01,16,,,,,1.60E-01,-4.80000019
,,,1.60E-01,18,,,,,1.60E-01,-3.20000005
,,,1.60E-01,20,,,,,1.60E-01,-8.00E-01
,,,1.60E-01,20,,,,,1.60E-01,8.00E-01
,,,1.61E-01,24,,,,,1.61E-01,2.4000001
,,,1.61E-01,24,,,,,1.61E-01,4.80000019
,,,1.61E-01,26,,,,,1.61E-01,7.20000029
,,,1.61E-01,28,,,,,1.61E-01,8.800000191
,,,1.61E-01,28,,,,,1.61E-01,11.1999998
,,,1.62E-01,30,,,,,1.62E-01,13.6000004
,,,1.62E-01,30,,,,,1.62E-01,15.1999998
,,,1.62E-01,32,,,,,1.62E-01,16.8000011
,,,1.62E-01,34,,,,,1.62E-01,18.3999996
,,,1.62E-01,38,,,,,1.62E-01,19.2000008
,,,1.63E-01,40,,,,,1.63E-01,20
,,,1.63E-01,44,,,,,1.63E-01,20
,,,1.63E-01,46,,,,,1.63E-01,20
,,,1.63E-01,48,,,,,1.63E-01,20
,,,1.63E-01,50,,,,,1.63E-01,20
,,,1.64E-01,50,,,,,1.64E-01,20.80000114
,,,1.64E-01,50,,,,,1.64E-01,20.80000114
,,,1.64E-01,50,,,,,1.64E-01,20
,,,1.64E-01,50,,,,,1.64E-01,20.80000114
,,,1.64E-01,50,,,,,1.64E-01,20
,,,1.65E-01,50,,,,,1.65E-01,20
,,,1.65E-01,50,,,,,1.65E-01,20
,,,1.65E-01,50,,,,,1.65E-01,19.2000008
,,,1.65E-01,48,,,,,1.65E-01,19.2000008
,,,1.65E-01,46,,,,,1.65E-01,19.2000008
,,,1.66E-01,44,,,,,1.66E-01,19.2000008
,,,1.66E-01,42,,,,,1.66E-01,18.3999996
,,,1.66E-01,40,,,,,1.66E-01,18.3999996
,,,1.66E-01,38,,,,,1.66E-01,17.6000004
,,,1.66E-01,36,,,,,1.66E-01,16.8000011
,,,1.67E-01,32,,,,,1.67E-01,16.8000011
,,,1.67E-01,30,,,,,1.67E-01,16.8000011
,,,1.67E-01,26,,,,,1.67E-01,16.8000011
,,,1.67E-01,24,,,,,1.67E-01,16
,,,1.67E-01,20,,,,,1.67E-01,16
,,,1.68E-01,16,,,,,1.68E-01,15.1999998
,,,1.68E-01,14,,,,,1.68E-01,14.4000006
,,,1.68E-01,10,,,,,1.68E-01,13.6000004
,,,1.68E-01,6,,,,,1.68E-01,13.6000004
,,,1.68E-01,4,,,,,1.68E-01,12.8000002
,,,1.69E-01,0,,,,,1.69E-01,12
,,,1.69E-01,-2,,,,,1.69E-01,10.4000006
,,,1.69E-01,-6,,,,,1.69E-01,10.4000006
,,,1.69E-01,-8,,,,,1.69E-01,9.600000381
,,,1.69E-01,-10,,,,,1.69E-01,8
,,,1.70E-01,-14,,,,,1.70E-01,6.4000001
,,,1.70E-01,-16,,,,,1.70E-01,4.80000019
,,,1.70E-01,-18,,,,,1.70E-01,3.20000005
,,,1.70E-01,-20,,,,,1.70E-01,1.6
,,,1.70E-01,-22,,,,,1.70E-01,0
,,,1.71E-01,-22,,,,,1.71E-01,-2.4000001
,,,1.71E-01,-24,,,,,1.71E-01,-4.80000019
,,,1.71E-01,-24,,,,,1.71E-01,-6.4000001
,,,1.71E-01,-26,,,,,1.71E-01,-9.600000381
,,,1.71E-01,-26,,,,,1.71E-01,-11.1999998
,,,1.72E-01,-28,,,,,1.72E-01,-13.6000004
,,,1.72E-01,-28,,,,,1.72E-01,-15.1999998
,,,1.72E-01,-32,,,,,1.72E-01,-16.8000011
,,,1.72E-01,-34,,,,,1.72E-01,-18.3999996
,,,1.72E-01,-38,,,,,1.72E-01,-19.2000008
,,,1.73E-01,-40,,,,,1.73E-01,-20
,,,1.73E-01,-42,,,,,1.73E-01,-20
,,,1.73E-01,-44,,,,,1.73E-01,-20
,,,1.73E-01,-46,,,,,1.73E-01,-20
,,,1.73E-01,-46,,,,,1.73E-01,-20.80000114
,,,1.74E-01,-48,,,,,1.74E-01,-20
,,,1.74E-01,-48,,,,,1.74E-01,-20
,,,1.74E-01,-50,,,,,1.74E-01,-20
,,,1.74E-01,-50,,,,,1.74E-01,-20
,,,1.74E-01,-50,,,,,1.74E-01,-20
,,,1.75E-01,-50,,,,,1.75E-01,-20
,,,1.75E-01,-48,,,,,1.75E-01,-20
,,,1.75E-01,-48,,,,,1.75E-01,-19.2000008
,,,1.75E-01,-46,,,,,1.75E-01,-19.2000008
,,,1.75E-01,-44,,,,,1.75E-01,-19.2000008
,,,1.76E-01,-44,,,,,1.76E-01,-19.2000008
,,,1.76E-01,-42,,,,,1.76E-01,-18.3999996
,,,1.76E-01,-38,,,,,1.76E-01,-18.3999996
,,,1.76E-01,-36,,,,,1.76E-01,-17.6000004
,,,1.76E-01,-34,,,,,1.76E-01,-17.6000004
,,,1.77E-01,-32,,,,,1.77E-01,-17.6000004
,,,1.77E-01,-28,,,,,1.77E-01,-16.8000011
,,,1.77E-01,-26,,,,,1.77E-01,-16.8000011
,,,1.77E-01,-22,,,,,1.77E-01,-16
,,,1.77E-01,-20,,,,,1.77E-01,-15.1999998
,,,1.78E-01,-16,,,,,1.78E-01,-15.1999998
,,,1.78E-01,-12,,,,,1.78E-01,-14.4000006
,,,1.78E-01,-8,,,,,1.78E-01,-13.6000004
,,,1.78E-01,-6,,,,,1.78E-01,-13.6000004
,,,1.78E-01,-4,,,,,1.78E-01,-12.8000002
,,,1.79E-01,2,,,,,1.79E-01,-12
,,,1.79E-01,4,,,,,1.79E-01,-11.1999998
,,,1.79E-01,6,,,,,1.79E-01,-10.4000006
,,,1.79E-01,10,,,,,1.79E-01,-8.800000191
,,,1.79E-01,12,,,,,1.79E-01,-8
,,,1.80E-01,14,,,,,1.80E-01,-6.4000001
,,,1.80E-01,16,,,,,1.80E-01,-4.80000019
,,,1.80E-01,18,,,,,1.80E-01,-2.4000001
,,,1.80E-01,18,,,,,1.80E-01,-1.6
,,,1.80E-01,22,,,,,1.80E-01,8.00E-01
,,,1.81E-01,22,,,,,1.81E-01,3.20000005
,,,1.81E-01,24,,,,,1.81E-01,4.80000019
,,,1.81E-01,26,,,,,1.81E-01,6.4000001
,,,1.81E-01,28,,,,,1.81E-01,9.600000381
,,,1.81E-01,28,,,,,1.81E-01,11.1999998
,,,1.82E-01,30,,,,,1.82E-01,13.6000004
,,,1.82E-01,30,,,,,1.82E-01,15.1999998
,,,1.82E-01,32,,,,,1.82E-01,16.8000011
,,,1.82E-01,36,,,,,1.82E-01,19.2000008
,,,1.82E-01,38,,,,,1.82E-01,19.2000008
,,,1.83E-01,40,,,,,1.83E-01,19.2000008
,,,1.83E-01,42,,,,,1.83E-01,20
,,,1.83E-01,46,,,,,1.83E-01,20.80000114
,,,1.83E-01,48,,,,,1.83E-01,20
,,,1.83E-01,50,,,,,1.83E-01,20
,,,1.84E-01,50,,,,,1.84E-01,20
,,,1.84E-01,50,,,,,1.84E-01,20
,,,1.84E-01,50,,,,,1.84E-01,20
,,,1.84E-01,52,,,,,1.84E-01,20
,,,1.84E-01,52,,,,,1.84E-01,20
,,,1.85E-01,50,,,,,1.85E-01,20
,,,1.85E-01,50,,,,,1.85E-01,20
,,,1.85E-01,50,,,,,1.85E-01,20
,,,1.85E-01,48,,,,,1.85E-01,19.2000008
,,,1.85E-01,48,,,,,1.85E-01,19.2000008
,,,1.86E-01,44,,,,,1.86E-01,19.2000008
,,,1.86E-01,42,,,,,1.86E-01,18.3999996
,,,1.86E-01,40,,,,,1.86E-01,18.3999996
,,,1.86E-01,38,,,,,1.86E-01,17.6000004
,,,1.86E-01,34,,,,,1.86E-01,17.6000004
,,,1.87E-01,32,,,,,1.87E-01,17.6000004
,,,1.87E-01,30,,,,,1.87E-01,16.8000011
,,,1.87E-01,26,,,,,1.87E-01,16
,,,1.87E-01,24,,,,,1.87E-01,16
,,,1.87E-01,20,,,,,1.87E-01,15.1999998
,,,1.88E-01,16,,,,,1.88E-01,15.1999998
,,,1.88E-01,12,,,,,1.88E-01,14.4000006
,,,1.88E-01,10,,,,,1.88E-01,14.4000006
,,,1.88E-01,6,,,,,1.88E-01,12.8000002
,,,1.88E-01,4,,,,,1.88E-01,12.8000002
,,,1.89E-01,0,,,,,1.89E-01,12
,,,1.89E-01,-2,,,,,1.89E-01,11.1999998
,,,1.89E-01,-6,,,,,1.89E-01,10.4000006
,,,1.89E-01,-8,,,,,1.89E-01,9.600000381
,,,1.89E-01,-10,,,,,1.89E-01,8
,,,1.90E-01,-14,,,,,1.90E-01,6.4000001
,,,1.90E-01,-14,,,,,1.90E-01,4
,,,1.90E-01,-18,,,,,1.90E-01,3.20000005
,,,1.90E-01,-20,,,,,1.90E-01,1.6
,,,1.90E-01,-20,,,,,1.90E-01,-8.00E-01
,,,1.91E-01,-22,,,,,1.91E-01,-2.4000001
,,,1.91E-01,-24,,,,,1.91E-01,-4.80000019
,,,1.91E-01,-24,,,,,1.91E-01,-7.20000029
,,,1.91E-01,-26,,,,,1.91E-01,-8.800000191
,,,1.91E-01,-26,,,,,1.91E-01,-12
,,,1.92E-01,-28,,,,,1.92E-01,-12.8000002
,,,1.92E-01,-30,,,,,1.92E-01,-15.1999998
,,,1.92E-01,-32,,,,,1.92E-01,-16.8000011
,,,1.92E-01,-34,,,,,1.92E-01,-18.3999996
,,,1.92E-01,-36,,,,,1.92E-01,-19.2000008
,,,1.93E-01,-38,,,,,1.93E-01,-19.2000008
,,,1.93E-01,-42,,,,,1.93E-01,-20
,,,1.93E-01,-44,,,,,1.93E-01,-20
,,,1.93E-01,-44,,,,,1.93E-01,-20
,,,1.93E-01,-48,,,,,1.93E-01,-20.80000114
,,,1.94E-01,-48,,,,,1.94E-01,-20.80000114
,,,1.94E-01,-50,,,,,1.94E-01,-20
,,,1.94E-01,-50,,,,,1.94E-01,-20
,,,1.94E-01,-50,,,,,1.94E-01,-20
,,,1.94E-01,-50,,,,,1.94E-01,-20
,,,1.95E-01,-48,,,,,1.95E-01,-20
,,,1.95E-01,-48,,,,,1.95E-01,-20
,,,1.95E-01,-48,,,,,1.95E-01,-19.2000008
,,,1.95E-01,-46,,,,,1.95E-01,-19.2000008
,,,1.95E-01,-44,,,,,1.95E-01,-19.2000008
,,,1.96E-01,-44,,,,,1.96E-01,-19.2000008
,,,1.96E-01,-42,,,,,1.96E-01,-18.3999996
,,,1.96E-01,-40,,,,,1.96E-01,-18.3999996
,,,1.96E-01,-38,,,,,1.96E-01,-17.6000004
,,,1.96E-01,-34,,,,,1.96E-01,-17.6000004
,,,1.97E-01,-32,,,,,1.97E-01,-17.6000004
,,,1.97E-01,-28,,,,,1.97E-01,-16.8000011
,,,1.97E-01,-26,,,,,1.97E-01,-16.8000011
,,,1.97E-01,-22,,,,,1.97E-01,-15.1999998
,,,1.97E-01,-20,,,,,1.97E-01,-16
,,,1.98E-01,-16,,,,,1.98E-01,-14.4000006
,,,1.98E-01,-12,,,,,1.98E-01,-14.4000006
,,,1.98E-01,-8,,,,,1.98E-01,-13.6000004
,,,1.98E-01,-6,,,,,1.98E-01,-13.6000004
,,,1.98E-01,-2,,,,,1.98E-01,-12.8000002
,,,1.99E-01,2,,,,,1.99E-01,-12
,,,1.99E-01,4,,,,,1.99E-01,-11.1999998
,,,1.99E-01,6,,,,,1.99E-01,-10.4000006
,,,1.99E-01,8,,,,,1.99E-01,-8.800000191
,,,1.99E-01,12,,,,,1.99E-01,-7.20000029
,,,2.00E-01,14,,,,,2.00E-01,-6.4000001
,,,2.00E-01,16,,,,,2.00E-01,-4.80000019
,,,2.00E-01,18,,,,,2.00E-01,-3.20000005
,,,2.00E-01,20,,,,,2.00E-01,-8.00E-01
,,,2.00E-01,22,,,,,2.00E-01,8.00E-01
,,,2.01E-01,22,,,,,2.01E-01,3.20000005
,,,2.01E-01,24,,,,,2.01E-01,4.80000019
,,,2.01E-01,26,,,,,2.01E-01,7.20000029
,,,2.01E-01,28,,,,,2.01E-01,9.600000381
,,,2.01E-01,28,,,,,2.01E-01,11.1999998
,,,2.02E-01,30,,,,,2.02E-01,13.6000004
,,,2.02E-01,30,,,,,2.02E-01,15.1999998
,,,2.02E-01,32,,,,,2.02E-01,16.8000011
,,,2.02E-01,34,,,,,2.02E-01,18.3999996
,,,2.02E-01,38,,,,,2.02E-01,19.2000008
,,,2.03E-01,40,,,,,2.03E-01,20
,,,2.03E-01,42,,,,,2.03E-01,20
,,,2.03E-01,46,,,,,2.03E-01,20
,,,2.03E-01,48,,,,,2.03E-01,20
,,,2.03E-01,50,,,,,2.03E-01,20
,,,2.04E-01,50,,,,,2.04E-01,20
,,,2.04E-01,50,,,,,2.04E-01,20.80000114
,,,2.04E-01,50,,,,,2.04E-01,20.80000114
,,,2.04E-01,52,,,,,2.04E-01,20
,,,2.04E-01,50,,,,,2.04E-01,20
,,,2.05E-01,50,,,,,2.05E-01,20
,,,2.05E-01,50,,,,,2.05E-01,20
,,,2.05E-01,50,,,,,2.05E-01,19.2000008
,,,2.05E-01,48,,,,,2.05E-01,20
,,,2.05E-01,46,,,,,2.05E-01,19.2000008
,,,2.06E-01,46,,,,,2.06E-01,18.3999996
,,,2.06E-01,42,,,,,2.06E-01,18.3999996
,,,2.06E-01,40,,,,,2.06E-01,18.3999996
,,,2.06E-01,38,,,,,2.06E-01,17.6000004
,,,2.06E-01,34,,,,,2.06E-01,17.6000004
,,,2.07E-01,32,,,,,2.07E-01,16.8000011
,,,2.07E-01,30,,,,,2.07E-01,16.8000011
,,,2.07E-01,26,,,,,2.07E-01,16
,,,2.07E-01,24,,,,,2.07E-01,16
,,,2.07E-01,20,,,,,2.07E-01,15.1999998
,,,2.08E-01,16,,,,,2.08E-01,15.1999998
,,,2.08E-01,14,,,,,2.08E-01,14.4000006
,,,2.08E-01,10,,,,,2.08E-01,14.4000006
,,,2.08E-01,6,,,,,2.08E-01,12.8000002
,,,2.08E-01,4,,,,,2.08E-01,12.8000002
,,,2.09E-01,0,,,,,2.09E-01,12
,,,2.09E-01,-2,,,,,2.09E-01,11.1999998
,,,2.09E-01,-6,,,,,2.09E-01,10.4000006
,,,2.09E-01,-8,,,,,2.09E-01,8.800000191
,,,2.09E-01,-10,,,,,2.09E-01,7.20000029
,,,2.10E-01,-14,,,,,2.10E-01,6.4000001
,,,2.10E-01,-16,,,,,2.10E-01,4.80000019
,,,2.10E-01,-18,,,,,2.10E-01,3.20000005
,,,2.10E-01,-18,,,,,2.10E-01,1.6
,,,2.10E-01,-20,,,,,2.10E-01,-8.00E-01
,,,2.11E-01,-22,,,,,2.11E-01,-2.4000001
,,,2.11E-01,-24,,,,,2.11E-01,-4
,,,2.11E-01,-26,,,,,2.11E-01,-7.20000029
,,,2.11E-01,-26,,,,,2.11E-01,-8.800000191
,,,2.11E-01,-28,,,,,2.11E-01,-11.1999998
,,,2.12E-01,-28,,,,,2.12E-01,-13.6000004
,,,2.12E-01,-30,,,,,2.12E-01,-15.1999998
,,,2.12E-01,-30,,,,,2.12E-01,-16.8000011
,,,2.12E-01,-34,,,,,2.12E-01,-18.3999996
,,,2.12E-01,-36,,,,,2.12E-01,-19.2000008
,,,2.13E-01,-40,,,,,2.13E-01,-19.2000008
,,,2.13E-01,-42,,,,,2.13E-01,-20
,,,2.13E-01,-44,,,,,2.13E-01,-20
,,,2.13E-01,-44,,,,,2.13E-01,-20
,,,2.13E-01,-48,,,,,2.13E-01,-20
,,,2.14E-01,-48,,,,,2.14E-01,-20
,,,2.14E-01,-50,,,,,2.14E-01,-20
,,,2.14E-01,-50,,,,,2.14E-01,-19.2000008
,,,2.14E-01,-50,,,,,2.14E-01,-20
,,,2.14E-01,-50,,,,,2.14E-01,-20
,,,2.15E-01,-48,,,,,2.15E-01,-20
,,,2.15E-01,-48,,,,,2.15E-01,-19.2000008
,,,2.15E-01,-48,,,,,2.15E-01,-19.2000008
,,,2.15E-01,-46,,,,,2.15E-01,-19.2000008
,,,2.15E-01,-44,,,,,2.15E-01,-19.2000008
,,,2.16E-01,-44,,,,,2.16E-01,-19.2000008
,,,2.16E-01,-42,,,,,2.16E-01,-18.3999996
,,,2.16E-01,-38,,,,,2.16E-01,-18.3999996
,,,2.16E-01,-36,,,,,2.16E-01,-17.6000004
,,,2.16E-01,-34,,,,,2.16E-01,-17.6000004
,,,2.17E-01,-32,,,,,2.17E-01,-17.6000004
,,,2.17E-01,-28,,,,,2.17E-01,-16.8000011
,,,2.17E-01,-26,,,,,2.17E-01,-16.8000011
,,,2.17E-01,-24,,,,,2.17E-01,-16
,,,2.17E-01,-20,,,,,2.17E-01,-15.1999998
,,,2.18E-01,-16,,,,,2.18E-01,-15.1999998
,,,2.18E-01,-12,,,,,2.18E-01,-14.4000006
,,,2.18E-01,-10,,,,,2.18E-01,-13.6000004
,,,2.18E-01,-6,,,,,2.18E-01,-13.6000004
,,,2.18E-01,-2,,,,,2.18E-01,-12.8000002
,,,2.19E-01,0,,,,,2.19E-01,-12
,,,2.19E-01,4,,,,,2.19E-01,-11.1999998
,,,2.19E-01,6,,,,,2.19E-01,-10.4000006
,,,2.19E-01,10,,,,,2.19E-01,-8.800000191
,,,2.19E-01,12,,,,,2.19E-01,-8
,,,2.20E-01,14,,,,,2.20E-01,-6.4000001
,,,2.20E-01,16,,,,,2.20E-01,-4.80000019
,,,2.20E-01,18,,,,,2.20E-01,-3.20000005
,,,2.20E-01,20,,,,,2.20E-01,-1.6
,,,2.20E-01,22,,,,,2.20E-01,8.00E-01
,,,2.21E-01,24,,,,,2.21E-01,3.20000005
,,,2.21E-01,26,,,,,2.21E-01,4.80000019
,,,2.21E-01,26,,,,,2.21E-01,7.20000029
,,,2.21E-01,28,,,,,2.21E-01,9.600000381
,,,2.21E-01,28,,,,,2.21E-01,11.1999998
,,,2.22E-01,30,,,,,2.22E-01,12.8000002
,,,2.22E-01,30,,,,,2.22E-01,16
,,,2.22E-01,32,,,,,2.22E-01,16.8000011
,,,2.22E-01,34,,,,,2.22E-01,18.3999996
,,,2.22E-01,36,,,,,2.22E-01,19.2000008
,,,2.23E-01,40,,,,,2.23E-01,20
,,,2.23E-01,42,,,,,2.23E-01,20
,,,2.23E-01,46,,,,,2.23E-01,20
,,,2.23E-01,48,,,,,2.23E-01,20
,,,2.23E-01,50,,,,,2.23E-01,20.80000114
,,,2.24E-01,50,,,,,2.24E-01,20.80000114
,,,2.24E-01,50,,,,,2.24E-01,20
,,,2.24E-01,50,,,,,2.24E-01,20.80000114
,,,2.24E-01,50,,,,,2.24E-01,20.80000114
,,,2.24E-01,50,,,,,2.24E-01,20.80000114
,,,2.25E-01,50,,,,,2.25E-01,20
,,,2.25E-01,50,,,,,2.25E-01,20
,,,2.25E-01,50,,,,,2.25E-01,19.2000008
,,,2.25E-01,48,,,,,2.25E-01,19.2000008
,,,2.25E-01,46,,,,,2.25E-01,19.2000008
,,,2.26E-01,44,,,,,2.26E-01,18.3999996
,,,2.26E-01,42,,,,,2.26E-01,18.3999996
,,,2.26E-01,40,,,,,2.26E-01,18.3999996
,,,2.26E-01,38,,,,,2.26E-01,17.6000004
,,,2.26E-01,34,,,,,2.26E-01,17.6000004
,,,2.27E-01,32,,,,,2.27E-01,16.8000011
,,,2.27E-01,30,,,,,2.27E-01,16.8000011
,,,2.27E-01,26,,,,,2.27E-01,16
,,,2.27E-01,22,,,,,2.27E-01,16
,,,2.27E-01,20,,,,,2.27E-01,15.1999998
,,,2.28E-01,16,,,,,2.28E-01,15.1999998
,,,2.28E-01,14,,,,,2.28E-01,14.4000006
,,,2.28E-01,10,,,,,2.28E-01,13.6000004
,,,2.28E-01,6,,,,,2.28E-01,12.8000002
,,,2.28E-01,4,,,,,2.28E-01,12.8000002
,,,2.29E-01,2,,,,,2.29E-01,12
,,,2.29E-01,-2,,,,,2.29E-01,11.1999998
,,,2.29E-01,-6,,,,,2.29E-01,10.4000006
,,,2.29E-01,-8,,,,,2.29E-01,8.800000191
,,,2.29E-01,-10,,,,,2.29E-01,8
,,,2.30E-01,-12,,,,,2.30E-01,6.4000001
,,,2.30E-01,-16,,,,,2.30E-01,4.80000019
,,,2.30E-01,-18,,,,,2.30E-01,3.20000005
,,,2.30E-01,-20,,,,,2.30E-01,1.6
,,,2.30E-01,-20,,,,,2.30E-01,0
,,,2.31E-01,-22,,,,,2.31E-01,-2.4000001
,,,2.31E-01,-24,,,,,2.31E-01,-4.80000019
,,,2.31E-01,-24,,,,,2.31E-01,-7.20000029
,,,2.31E-01,-26,,,,,2.31E-01,-8.800000191
,,,2.31E-01,-26,,,,,2.31E-01,-11.1999998
,,,2.32E-01,-28,,,,,2.32E-01,-12.8000002
,,,2.32E-01,-30,,,,,2.32E-01,-15.1999998
,,,2.32E-01,-32,,,,,2.32E-01,-16.8000011
,,,2.32E-01,-32,,,,,2.32E-01,-17.6000004
,,,2.32E-01,-36,,,,,2.32E-01,-19.2000008
,,,2.33E-01,-38,,,,,2.33E-01,-19.2000008
,,,2.33E-01,-42,,,,,2.33E-01,-20
,,,2.33E-01,-44,,,,,2.33E-01,-20
,,,2.33E-01,-46,,,,,2.33E-01,-20
,,,2.33E-01,-48,,,,,2.33E-01,-20
,,,2.34E-01,-48,,,,,2.34E-01,-20
,,,2.34E-01,-50,,,,,2.34E-01,-20
,,,2.34E-01,-50,,,,,2.34E-01,-20
,,,2.34E-01,-50,,,,,2.34E-01,-20
,,,2.34E-01,-50,,,,,2.34E-01,-20
,,,2.35E-01,-48,,,,,2.35E-01,-20
,,,2.35E-01,-50,,,,,2.35E-01,-20
,,,2.35E-01,-48,,,,,2.35E-01,-19.2000008
,,,2.35E-01,-46,,,,,2.35E-01,-20
,,,2.35E-01,-46,,,,,2.35E-01,-18.3999996
,,,2.36E-01,-42,,,,,2.36E-01,-18.3999996
,,,2.36E-01,-42,,,,,2.36E-01,-18.3999996
,,,2.36E-01,-38,,,,,2.36E-01,-18.3999996
,,,2.36E-01,-36,,,,,2.36E-01,-17.6000004
,,,2.36E-01,-34,,,,,2.36E-01,-17.6000004
,,,2.37E-01,-32,,,,,2.37E-01,-16.8000011
,,,2.37E-01,-28,,,,,2.37E-01,-16.8000011
,,,2.37E-01,-26,,,,,2.37E-01,-16
,,,2.37E-01,-22,,,,,2.37E-01,-16
,,,2.37E-01,-20,,,,,2.37E-01,-15.1999998
,,,2.38E-01,-16,,,,,2.38E-01,-15.1999998
,,,2.38E-01,-12,,,,,2.38E-01,-14.4000006
,,,2.38E-01,-8,,,,,2.38E-01,-14.4000006
,,,2.38E-01,-6,,,,,2.38E-01,-13.6000004
,,,2.38E-01,-2,,,,,2.38E-01,-12.8000002
,,,2.39E-01,0,,,,,2.39E-01,-12
,,,2.39E-01,4,,,,,2.39E-01,-11.1999998
,,,2.39E-01,6,,,,,2.39E-01,-10.4000006
,,,2.39E-01,10,,,,,2.39E-01,-8.800000191
,,,2.39E-01,12,,,,,2.39E-01,-7.20000029
,,,2.40E-01,14,,,,,2.40E-01,-6.4000001
,,,2.40E-01,16,,,,,2.40E-01,-4.80000019
,,,2.40E-01,18,,,,,2.40E-01,-3.20000005
,,,2.40E-01,20,,,,,2.40E-01,-8.00E-01
,,,2.40E-01,22,,,,,2.40E-01,8.00E-01
,,,2.41E-01,22,,,,,2.41E-01,3.20000005
,,,2.41E-01,24,,,,,2.41E-01,4.80000019
,,,2.41E-01,26,,,,,2.41E-01,7.20000029
,,,2.41E-01,26,,,,,2.41E-01,9.600000381
,,,2.41E-01,28,,,,,2.41E-01,11.1999998
,,,2.42E-01,28,,,,,2.42E-01,13.6000004
,,,2.42E-01,30,,,,,2.42E-01,15.1999998
,,,2.42E-01,32,,,,,2.42E-01,16.8000011
,,,2.42E-01,34,,,,,2.42E-01,18.3999996
,,,2.42E-01,38,,,,,2.42E-01,19.2000008
,,,2.43E-01,40,,,,,2.43E-01,20
,,,2.43E-01,42,,,,,2.43E-01,20.80000114
,,,2.43E-01,46,,,,,2.43E-01,20
,,,2.43E-01,48,,,,,2.43E-01,20
,,,2.43E-01,50,,,,,2.43E-01,20
,,,2.44E-01,50,,,,,2.44E-01,20.80000114
,,,2.44E-01,50,,,,,2.44E-01,20
,,,2.44E-01,50,,,,,2.44E-01,20
,,,2.44E-01,50,,,,,2.44E-01,20.80000114
,,,2.44E-01,52,,,,,2.44E-01,20
,,,2.45E-01,50,,,,,2.45E-01,20
,,,2.45E-01,50,,,,,2.45E-01,20
,,,2.45E-01,50,,,,,2.45E-01,20
,,,2.45E-01,48,,,,,2.45E-01,20
,,,2.45E-01,46,,,,,2.45E-01,19.2000008
,,,2.46E-01,44,,,,,2.46E-01,19.2000008
,,,2.46E-01,42,,,,,2.46E-01,18.3999996
,,,2.46E-01,40,,,,,2.46E-01,18.3999996
,,,2.46E-01,38,,,,,2.46E-01,17.6000004
,,,2.46E-01,34,,,,,2.46E-01,17.6000004
,,,2.47E-01,32,,,,,2.47E-01,16.8000011
,,,2.47E-01,30,,,,,2.47E-01,16.8000011
,,,2.47E-01,26,,,,,2.47E-01,16
,,,2.47E-01,22,,,,,2.47E-01,16
,,,2.47E-01,20,,,,,2.47E-01,15.1999998
,,,2.48E-01,16,,,,,2.48E-01,15.1999998
,,,2.48E-01,14,,,,,2.48E-01,14.4000006
,,,2.48E-01,10,,,,,2.48E-01,13.6000004
,,,2.48E-01,6,,,,,2.48E-01,13.6000004
,,,2.48E-01,4,,,,,2.48E-01,12.8000002
,,,2.49E-01,0,,,,,2.49E-01,12
,,,2.49E-01,-2,,,,,2.49E-01,11.1999998
,,,2.49E-01,-6,,,,,2.49E-01,10.4000006
,,,2.49E-01,-8,,,,,2.49E-01,9.600000381
,,,2.49E-01,-10,,,,,2.49E-01,8
,,,2.50E-01,-12,,,,,2.50E-01,6.4000001
,,,2.50E-01,-14,,,,,2.50E-01,4.80000019
,,,2.50E-01,-18,,,,,2.50E-01,3.20000005
,,,2.50E-01,-20,,,,,2.50E-01,1.6
,,,2.50E-01,-20,,,,,2.50E-01,-8.00E-01
,,,2.51E-01,-22,,,,,2.51E-01,-2.4000001
,,,2.51E-01,-24,,,,,2.51E-01,-4.80000019
,,,2.51E-01,-24,,,,,2.51E-01,-7.20000029
,,,2.51E-01,-26,,,,,2.51E-01,-8.800000191
,,,2.51E-01,-26,,,,,2.51E-01,-11.1999998
,,,2.52E-01,-28,,,,,2.52E-01,-12.8000002
,,,2.52E-01,-30,,,,,2.52E-01,-15.1999998
,,,2.52E-01,-32,,,,,2.52E-01,-16.8000011
,,,2.52E-01,-34,,,,,2.52E-01,-18.3999996
,,,2.52E-01,-36,,,,,2.52E-01,-19.2000008
,,,2.53E-01,-40,,,,,2.53E-01,-20
,,,2.53E-01,-42,,,,,2.53E-01,-20
,,,2.53E-01,-44,,,,,2.53E-01,-20
,,,2.53E-01,-46,,,,,2.53E-01,-20
,,,2.53E-01,-48,,,,,2.53E-01,-20
,,,2.54E-01,-48,,,,,2.54E-01,-20
,,,2.54E-01,-48,,,,,2.54E-01,-20
